============================================================
TRACEY DATABASE UPDATE REPORT
============================================================
Log file      : utils/traceySequenceUpdater/traceySequencesUpdater.2026.04.01.log
Total similarity blocks processed: 13483
Total sequence entries parsed    : 26897

------------------------------------------------------------
STATUS TRANSITIONS
------------------------------------------------------------
  live → suppressed                       : 2379 sequences
  ignore → suppressed                     : 2308 sequences
  ignore → live                           : 1651 sequences
  live → replaced                         : 1059 sequences
  ignore → replaced                       :  519 sequences
  live → dead                             :  194 sequences
  ignore → dead                           :  186 sequences
  suppressed → ignore                     :  168 sequences
  unknown → ignore                        :   67 sequences
  unknown → suppressed                    :   35 sequences
  unknown → replaced                      :   34 sequences
  suppressed → replaced                   :   23 sequences
  suppressed → live                       :   17 sequences
  unknown → live                          :   17 sequences
  suppressed → dead                       :   16 sequences
  unknown → dead                          :    5 sequences
  dead → suppressed                       :    2 sequences
  live → withdrawn                        :    1 sequences
  dead → ignore                           :    1 sequences
  replaced → dead                         :    1 sequences
  dead → replaced                         :    1 sequences
  dead → live                             :    1 sequences

  No changes needed (already correct status): 14171 sequences

------------------------------------------------------------
NEW SEQUENCE ENTRIES CREATED
------------------------------------------------------------
  Total new entries created: 911
    TRACEY ID   453389  DrPs_snap29  (XP_001357526.2)
    TRACEY ID   453390  DrPs_vamp7  (XP_001361378.2)
    TRACEY ID   453391  DaRe_Syx5-1  (NP_955924.3)
    TRACEY ID   453392  DaRe_sec22b-1  (NP_001315455.1)
    TRACEY ID   453394  AnGa_syx5-X2  (XP_314876.5)
    TRACEY ID   453396  GaGa_snap47-X3  (XP_004939149.2)
    TRACEY ID   453397  GaGa_snap47-X2  (XP_004939150.2)
    TRACEY ID   453398  ArTh_Vamp726part  (P47192.2)
    TRACEY ID   453399  CaAl_snap  (XP_714323.2)
    TRACEY ID   453400  CaAl_snap  (Q59XP0.2)
    TRACEY ID   453401  DaRe_Syx13  (NP_001002051.2)
    TRACEY ID   453402  DaRe_syx12  (NP_001430388.1)
    TRACEY ID   453403  YaLi_Vam7  (XP_501902.3)
    TRACEY ID   453404  DaRe_SN25.2  (NP_571509.2)
    TRACEY ID   453405  GaGa_syx17  (NP_001026180.2)
    TRACEY ID   453406  GaGa_syx8  (NP_001025869.2)
    TRACEY ID   453407  MuMu_syx7  (NP_001415879.1)
    TRACEY ID   453408  MuMu_syx7  (NP_001345492.1)
    TRACEY ID   453409  YaLi_Gos1  (XP_503187.3)
    TRACEY ID   453410  NeCr_bet1  (Q9P535)
    TRACEY ID   453411  CaAl_syxSC5314  (XP_713244.2)
    TRACEY ID   453412  ArTh_Npsn11-2  (Q944A9.2)
    TRACEY ID   453413  HoSa_syx3-1  (NP_001427451.1)
    TRACEY ID   453414  HoSa_syx3-4  (NP_001427455.1)
    TRACEY ID   453415  GaGa_syx18  (NP_001239087.2)
    TRACEY ID   453416  CrNe_Tom  (XP_570778.2)
    TRACEY ID   453417  YaLi_Nyv1  (XP_500476.3)
    TRACEY ID   453418  YaLi_SsoA  (XP_504300.2)
    TRACEY ID   453419  DaRe_Syx17  (NP_001007450.2)
    TRACEY ID   453420  GaGa_Gos28  (NP_001006222.2)
    TRACEY ID   453421  GaGa_snap29-1  (NP_001025823.2)
    TRACEY ID   453422  DrPs_syx17  (XP_001352634.2)
    TRACEY ID   453423  DrPs_syx4-X1  (XP_001354648.3)
    TRACEY ID   453424  MuMu_vamp4-1  (NP_001343455.1)
    TRACEY ID   453425  MuMu_vamp4-2  (NP_001343456.1)
    TRACEY ID   453426  MuMu_vamp4-2  (NP_001334054.1)
    TRACEY ID   453427  HoSa_syx2-3  (NP_001337978.2)
    TRACEY ID   453428  AsGo_sec22  (Q74ZD2.2)
    TRACEY ID   453429  DrPs_syx1A  (XP_001358807.3)
    TRACEY ID   453430  MuMu_vamp2  (AAH39745.2)
    TRACEY ID   453431  DaRe_GS15  (NP_001003998.2)
    TRACEY ID   453433  CrNe_vamp712  (XP_566592.2)
    TRACEY ID   453434  ApMe_Bet1  (XP_394351.2)
    TRACEY ID   453435  YaLi_Use1  (XP_502100.3)
    TRACEY ID   453436  AnGa_Memb  (EAA06044.2)
    TRACEY ID   453437  EnHi_Qb3  (EAL44407.2)
    TRACEY ID   453438  MuMu_vamp7-3  (NP_001346080.1)
    TRACEY ID   453439  RaNo_Syx4  (NP_112387.2)
    TRACEY ID   453440  HoSa_Use1  (NP_060937.2)
    TRACEY ID   453441  YaLi_Sec9  (XP_504102.2)
    TRACEY ID   453443  CaEl_Stx1-2  (Q20024.4)
    TRACEY ID   453444  DrPs_sec22b  (XP_001354483.2)
    TRACEY ID   453445  DrPs_syx18  (XP_001359439.3)
    TRACEY ID   453446  DrPs_vti  (XP_001352798.2)
    TRACEY ID   453447  DaRe_Syx3  (NP_956837.2)
    TRACEY ID   453448  DrMe_Syx6-2  (AAX33547.2)
    TRACEY ID   453449  YaLi_Ufe1  (XP_501696.3)
    TRACEY ID   453450  RaNo_vamp4-2  (NP_001416818.1)
    TRACEY ID   453451  ApMe_Syx5  (XP_624500.2)
    TRACEY ID   453452  BoTa_syx4-X2  (XP_005224932.2)
    TRACEY ID   453453  BoTa_syx4-X1  (XP_010817705.2)
    TRACEY ID   453454  OrSa_vamp71-4-3  (ABB46773.2)
    TRACEY ID   453456  TrCa_vti  (EFA08782.2)
    TRACEY ID   453457  TrCa_snap25-like  (EFA07177.2)
    TRACEY ID   453458  TrCa_syx16  (EFA06921.2)
    TRACEY ID   453459  TrCa_syx16  (XP_008195725.2)
    TRACEY ID   453460  TrCa_Syx17  (XP_972784.3)
    TRACEY ID   453461  TeTh_vamp210  (EAS02424.2)
    TRACEY ID   453462  TeTh_SyxPM5  (XP_001015967.2)
    TRACEY ID   453463  TeTh_Vti1like  (XP_001029752.2)
    TRACEY ID   453464  PlFa_vamp3  (XP_002808624.2)
    TRACEY ID   453465  PlYo_Syx18  (XP_729048.2)
    TRACEY ID   453466  PlCh_Npsn2  (XP_741922.2)
    TRACEY ID   453467  PlYo_Npsn2  (XP_724493.2)
    TRACEY ID   453468  MuMu_syx18-4  (NP_001346327.1)
    TRACEY ID   453470  MoDo_syx18-X2  (XP_007496804.2)
    TRACEY ID   453471  MoDo_vti-X2  (XP_007479064.2)
    TRACEY ID   453473  MaMu_snap47-X1  (XP_001087289.3)
    TRACEY ID   453474  PhNo_Syx8  (EAT85859.2)
    TRACEY ID   453475  PhNo_Tlg1  (EAT77130.2)
    TRACEY ID   453476  AsOr_Ufe1  (XP_001826272.3)
    TRACEY ID   453477  AsOr_SsoA  (XP_001827327.3)
    TRACEY ID   453479  LoLo_Sec22  (XP_003136705.2)
    TRACEY ID   453480  DrSe_SN24frag  (XP_002031833.2)
    TRACEY ID   453481  EqCa_Syx13  (XP_001917705.2)
    TRACEY ID   453482  SaiBo_snap29  (XP_003942750.4)
    TRACEY ID   453483  GlMa_membrin11-like  (NP_001242121.2)
    TRACEY ID   453484  DrWi_Syb  (XP_002068890.2)
    TRACEY ID   453485  PaPan_SN47  (XP_003814986.2)
    TRACEY ID   453486  AiMe_Syx16  (XP_002915565.2)
    TRACEY ID   453487  AiMe_syx16-X3  (XP_002915564.2)
    TRACEY ID   453488  AiMe_syx16-X4  (XP_002915566.2)
    TRACEY ID   453489  AiMe_syx16-X2  (XP_002915567.2)
    TRACEY ID   453490  AiMe_syx16-X5  (XP_011218426.2)
    TRACEY ID   453491  AiMe_syx16-X5  (XP_011218425.2)
    TRACEY ID   453492  SoBi_Vamp725  (XP_002466264.2)
    TRACEY ID   453493  LoLo_Vti1  (XP_003138050.2)
    TRACEY ID   453494  SuSc_Syx1a  (XP_003124470.3)
    TRACEY ID   453495  MeTr_SyxPM9  (XP_003597016.2)
    TRACEY ID   453496  EqCa_Syx10  (XP_001504925.3)
    TRACEY ID   453497  OsTa_Syp6  (XP_003081394.2)
    TRACEY ID   453498  NoLe_Bet1  (XP_003252550.2)
    TRACEY ID   453500  GlMa_Use13  (NP_001348449.2)
    TRACEY ID   453501  PaAn_SN29  (XP_003905313.2)
    TRACEY ID   453502  PoTr_Vamp722  (XP_002303031.2)
    TRACEY ID   453503  PiGu_Ufe1  (XP_001482053.2)
    TRACEY ID   453504  AjDe_Ufe1  (XP_002622445.2)
    TRACEY ID   453505  PiGu_Pep12  (XP_001484953.2)
    TRACEY ID   453506  CaRe_Syx4  (XP_003097722.2)
    TRACEY ID   453507  ArLy_Syp72  (XP_002877397.2)
    TRACEY ID   453508  OsTa_Vti11  (XP_003078749.2)
    TRACEY ID   453509  AnoCa_Tom1  (XP_003215773.2)
    TRACEY ID   453510  AnoCa_syxbp5-X2  (XP_003215772.2)
    TRACEY ID   453511  AnoCa_syxbp5-X1  (XP_008121195.2)
    TRACEY ID   453512  AnoCa_syxbp5-X3  (XP_008121206.2)
    TRACEY ID   453513  AnoCa_syxbp5-X6  (XP_008121220.2)
    TRACEY ID   453514  AnoCa_syxbp5-X4  (XP_008121214.2)
    TRACEY ID   453515  AnoCa_syx11  (XP_008121020.2)
    TRACEY ID   453516  BoFu_Tlg2  (XP_001552124.2)
    TRACEY ID   453517  PiGu_Gos1  (XP_001483334.2)
    TRACEY ID   453518  SaHar_Memb  (XP_003768462.2)
    TRACEY ID   453519  PiGu_Nyv1  (XP_001484983.2)
    TRACEY ID   453520  DrWi_Syx17  (XP_002067971.3)
    TRACEY ID   453521  PoTr_Syx163  (XP_002301493.2)
    TRACEY ID   453522  BaBo_SyxPM2  (XP_001611506.2)
    TRACEY ID   453524  TaGu_Bet1  (XP_002196708.4)
    TRACEY ID   453525  NeVe_Memb  (XP_001625463.2)
    TRACEY ID   453526  ThPa_SN29like  (XP_766492.2)
    TRACEY ID   453527  ThPa_vamp  (EAN34209.2)
    TRACEY ID   453528  CuQu_Syx18  (XP_001849452.2)
    TRACEY ID   453529  LoEl_Vti1  (XP_001527190.2)
    TRACEY ID   453530  GlMa_Vti12  (NP_001238119.2)
    TRACEY ID   453531  DrEr_Syx17  (XP_001971896.3)
    TRACEY ID   453532  LoEl_Vam3  (XP_001526086.2)
    TRACEY ID   453533  GlMa_syxLOC547656  (NP_001235989.2)
    TRACEY ID   453534  LoEl_Sed5  (XP_001526662.2)
    TRACEY ID   453535  BrDi_Memb11  (XP_003561657.2)
    TRACEY ID   453536  DrEr_nSyb  (XP_001971167.2)
    TRACEY ID   453537  TaGu_Syx7  (XP_002192049.4)
    TRACEY ID   453538  TaGu_syx7-X1  (XP_012428095.4)
    TRACEY ID   453539  TaGu_syx7-X1  (XP_012428096.4)
    TRACEY ID   453540  HyMa_Use1  (XP_002164600.2)
    TRACEY ID   453541  DrMo_Gos28  (XP_001998955.2)
    TRACEY ID   453542  LoEl_Sec22  (XP_001525437.2)
    TRACEY ID   453543  IxSc_Vti1a  (XP_002406341.3)
    TRACEY ID   453544  BaBo_Ykt6-2  (XP_001610726.2)
    TRACEY ID   453545  BaBo_vamp2  (EDO07158.2)
    TRACEY ID   453546  BaBo_Syx5  (XP_001611767.2)
    TRACEY ID   453547  BaBo_syx5  (EDO08199.2)
    TRACEY ID   453548  OsTa_Sec22  (XP_003083120.2)
    TRACEY ID   453549  AmQu_syx16  (XP_011409110.2)
    TRACEY ID   453550  CiIn_syx8  (XP_002122967.4)
    TRACEY ID   453551  TaGu_Gs15  (XP_002194038.5)
    TRACEY ID   453552  CiIn_syx16  (XP_009860254.3)
    TRACEY ID   453553  CuQu_GS27  (XP_001847979.2)
    TRACEY ID   453554  PoTr_syx61  (XP_002305773.3)
    TRACEY ID   453556  GlMa_vamp100306336  (NP_001237219.2)
    TRACEY ID   453557  OsTa_Sec20  (XP_003083353.2)
    TRACEY ID   453558  AnGa_Syx4  (XP_309226.4)
    TRACEY ID   453559  TrRu_Sft1  (XP_003238024.2)
    TRACEY ID   453560  LoEl_Nyv1  (XP_001528689.2)
    TRACEY ID   453562  PoTr_Ykt61  (XP_002309328.2)
    TRACEY ID   453563  SoMa_SsoA  (XP_003345101.2)
    TRACEY ID   453564  BaBo_Syx7  (XP_001609433.2)
    TRACEY ID   453565  BaBo_vamp2  (EDO05865.2)
    TRACEY ID   453566  LoEl_Tlg2  (XP_001528603.2)
    TRACEY ID   453567  LoEl_Pep12  (XP_001524872.2)
    TRACEY ID   453568  AiMe_Syx18  (XP_002923338.3)
    TRACEY ID   453569  LoEl_Sec20  (XP_001524011.2)
    TRACEY ID   453570  LoEl_Vam7  (XP_001523859.2)
    TRACEY ID   453571  LoEl_Sec9  (XP_001523813.2)
    TRACEY ID   453572  LoEl_Gos1  (XP_001523658.2)
    TRACEY ID   453573  TaGu_vamp4  (NP_001426349.1)
    TRACEY ID   453574  LoEl_Tom  (XP_001523829.2)
    TRACEY ID   453575  NeVe_Syx1  (XP_001629417.3)
    TRACEY ID   453576  LoEl_Ufe1  (XP_001523737.2)
    TRACEY ID   453577  CaJc_syx16-X3  (XP_002747760.2)
    TRACEY ID   453578  PlCh_Nspn11  (XP_732379.2)
    TRACEY ID   453580  MeGa_syx16  (XP_010720856.2)
    TRACEY ID   453581  ArLy_Bet12  (XP_002870311.2)
    TRACEY ID   453582  CaPo_vti-X1  (XP_003475259.3)
    TRACEY ID   453583  PenMa_Pep12  (XP_002144403.2)
    TRACEY ID   453584  MeGa_syx1A  (XP_010720231.2)
    TRACEY ID   453585  SeMo_Syp61  (XP_002973834.2)
    TRACEY ID   453586  PoAb_SN25b  (NP_001127109.2)
    TRACEY ID   453587  HoSa_tom-c  (NP_001381338.1)
    TRACEY ID   453588  DaRe_syx19  (XP_009302853.3)
    TRACEY ID   453589  EqCa_Syx18  (XP_001917859.4)
    TRACEY ID   453590  NeVe_Vamp7  (XP_001631076.2)
    TRACEY ID   453591  PeCh_Tlg1  (XP_002568670.2)
    TRACEY ID   453592  BrMa_SN29  (XP_001893720.2)
    TRACEY ID   453593  LoEl_Sso  (XP_001525954.2)
    TRACEY ID   453594  CuQu_Syx20  (XP_001865470.2)
    TRACEY ID   453595  TaGu_SN29  (XP_002199187.2)
    TRACEY ID   453596  LoEl_Bos1  (XP_001526786.2)
    TRACEY ID   453597  NaVi_vamp7  (XP_008204039.3)
    TRACEY ID   453598  LoAf_Vti1a  (XP_003409165.2)
    TRACEY ID   453599  NeVe_SN29  (XP_001631922.3)
    TRACEY ID   453600  LoEl_Tlg1  (XP_001524845.2)
    TRACEY ID   453601  AeAe_syx125  (XP_001660091.2)
    TRACEY ID   453602  PeCh_Sec22  (XP_002563747.2)
    TRACEY ID   453603  DrMe_snap25kDa-C  (EAL24571.2)
    TRACEY ID   453604  PenMa_Sso  (XP_002146468.2)
    TRACEY ID   453605  CaJc_vamp3-X2  (XP_002750308.7)
    TRACEY ID   453607  BrMa_Sec22  (XP_001892442.2)
    TRACEY ID   453608  MeRo_Vti1a  (XP_003704271.2)
    TRACEY ID   453609  CaBr_Vamp7sh  (XP_002647213.2)
    TRACEY ID   453610  NeVe_Gs15  (XP_001633039.2)
    TRACEY ID   453611  AcPi_Syx18  (XP_003242754.2)
    TRACEY ID   453612  SoBi_syx81  (XP_002448341.2)
    TRACEY ID   453613  NeVe_Vti1b  (XP_001633346.2)
    TRACEY ID   453614  BrMa_Syb2  (XP_001896137.2)
    TRACEY ID   453615  RiCom_Gos12  (XP_002511673.3)
    TRACEY ID   453616  LoAf_Vti1b  (XP_003408567.2)
    TRACEY ID   453617  AiMe_syx2-X3  (XP_011235960.2)
    TRACEY ID   453618  AiMe_syx2-X4  (XP_011235961.2)
    TRACEY ID   453619  SoMa_Snc  (XP_003352423.2)
    TRACEY ID   453621  ThPa_Vamp72  (XP_762752.2)
    TRACEY ID   453622  CaPo_Syx19  (XP_003469384.2)
    TRACEY ID   453623  DrVi_Syx17  (XP_002046091.3)
    TRACEY ID   453624  CuQu_Syx4like  (XP_001864035.2)
    TRACEY ID   453625  CuQu_syx1B  (XP_001864036.2)
    TRACEY ID   453626  DrMo_Tom  (XP_002011044.2)
    TRACEY ID   453627  TaGu_Vamp7  (XP_002198912.2)
    TRACEY ID   453628  NeVe_Sec22  (XP_001634368.2)
    TRACEY ID   453629  CuQu_Gos28  (XP_001864546.2)
    TRACEY ID   453630  NeVe_Syb1  (XP_001634446.2)
    TRACEY ID   453631  GlMa_vamp100500089  (NP_001236634.2)
    TRACEY ID   453632  GlMa_vamp721  (NP_001340510.1)
    TRACEY ID   453633  MeTr_Syp71  (XP_003625605.3)
    TRACEY ID   453634  AeAe_Use1  (XP_001652813.2)
    TRACEY ID   453635  MeRo_Syx16  (XP_003706209.2)
    TRACEY ID   453636  PenMa_Bos1  (XP_002148708.2)
    TRACEY ID   453637  BrMa_Memb  (XP_001897955.2)
    TRACEY ID   453638  BrMa_Bet1  (XP_001897692.2)
    TRACEY ID   453639  GlMa_Vti1  (XP_003534433.2)
    TRACEY ID   453640  ThPa_vamp  (EAN30880.2)
    TRACEY ID   453642  AeAe_Sec20  (XP_001651963.2)
    TRACEY ID   453643  NeVe_Vamp7like  (XP_001635801.2)
    TRACEY ID   453644  BrMa_Syx5  (XP_001897068.2)
    TRACEY ID   453645  AeAe_GS27  (XP_001650534.2)
    TRACEY ID   453646  ThPa_vamp41  (EAN31738.2)
    TRACEY ID   453647  AeAe_Syx6  (XP_001648589.2)
    TRACEY ID   453648  GlMa_vamp100527252  (NP_001237046.2)
    TRACEY ID   453649  GlMa_vamp100781950  (NP_001242377.2)
    TRACEY ID   453650  GaGa_Tom1  (XP_003641042.2)
    TRACEY ID   453651  GaGa_syxbp5-X2  (XP_004935648.2)
    TRACEY ID   453652  RiCom_Syp21  (XP_002520048.2)
    TRACEY ID   453653  SoBi_Syp62  (XP_002449051.2)
    TRACEY ID   453654  CoPo_Ykt6  (XP_003070683.2)
    TRACEY ID   453655  CoPo_Sec9  (XP_003071632.2)
    TRACEY ID   453656  PlYo_Syp5  (XP_729617.2)
    TRACEY ID   453657  PoTr_syxLOC7469857  (XP_002325822.3)
    TRACEY ID   453658  CoIm_syx5  (EAS34629.3)
    TRACEY ID   453659  HoSa_vti-f  (NP_001352642.1)
    TRACEY ID   453660  HoSa_vti-e  (NP_001352640.1)
    TRACEY ID   453661  CaAl_vamp  (XP_722582.2)
    TRACEY ID   453662  CaRe_Memb1  (XP_003106812.2)
    TRACEY ID   453664  ZeMa_Use1  (NP_001151997.2)
    TRACEY ID   453665  MeTr_Gos14  (XP_003604202.2)
    TRACEY ID   453668  PaPan_Syx18  (XP_003816527.3)
    TRACEY ID   453669  DrVi_SN25  (XP_002058768.2)
    TRACEY ID   453670  CoPo_Tom  (XP_003068495.2)
    TRACEY ID   453671  ZeMa_Vamp713  (NP_001149866.2)
    TRACEY ID   453672  LoAf_Syx5  (XP_003419687.2)
    TRACEY ID   453673  ZeMa_SyxPM8  (NP_001149999.2)
    TRACEY ID   453674  NeVe_Syx17  (XP_001638231.2)
    TRACEY ID   453675  ZeMa_Syp72  (NP_001150004.2)
    TRACEY ID   453676  DrGr_Gos28  (XP_001990214.2)
    TRACEY ID   453677  ZeMa_Vamp724  (NP_001150264.2)
    TRACEY ID   453678  ZeMa_vamp724  (NP_001132174.2)
    TRACEY ID   453679  CaRe_Syx2  (XP_003105641.2)
    TRACEY ID   453680  DrAn_Syx17  (XP_001956162.3)
    TRACEY ID   453681  BrDi_Vamp713  (NP_001412209.1)
    TRACEY ID   453683  ZeMa_SyxPM5  (NP_001150776.2)
    TRACEY ID   453684  PoTr_syx22  (XP_002321082.4)
    TRACEY ID   453685  ArLy_Use12  (XP_002891789.2)
    TRACEY ID   453686  SeMo_Sft1  (XP_002977359.2)
    TRACEY ID   453687  SeMo_GS15  (XP_002974938.2)
    TRACEY ID   453688  CaAl_snapreceptor  (XP_723091.2)
    TRACEY ID   453689  CaJc_Myob  (XP_003734753.2)
    TRACEY ID   453690  DrSi_Syx6  (XP_002080983.2)
    TRACEY ID   453691  DrMe_syx1A  (Q24547.1)
    TRACEY ID   453692  DrYa_nSyb  (XP_002093156.2)
    TRACEY ID   453694  RiCom_Ykt6  (XP_002523504.2)
    TRACEY ID   453695  BrMa_Sec20p  (XP_001900773.2)
    TRACEY ID   453696  CaJc_Syx4  (XP_002756125.3)
    TRACEY ID   453697  AnoCa_vti  (XP_003224918.2)
    TRACEY ID   453698  DrYa_Syx17  (XP_002093699.3)
    TRACEY ID   453699  RiCom_Syx181  (XP_002523004.2)
    TRACEY ID   453700  CoIm_sec20  (EAS28878.3)
    TRACEY ID   453701  PaAn_Syx13  (XP_003891475.2)
    TRACEY ID   453702  DrSi_Syx5  (XP_002079623.2)
    TRACEY ID   453703  PoTr_SN254  (XP_002322041.2)
    TRACEY ID   453704  CaRe_Syx5  (XP_003114335.2)
    TRACEY ID   453705  RiCom_Vti12  (XP_002522484.2)
    TRACEY ID   453708  CoIm_ykt6  (EAS30155.3)
    TRACEY ID   453709  OrCu_SN29  (XP_002719765.2)
    TRACEY ID   453710  OrCu_Syx21N  (XP_002720282.2)
    TRACEY ID   453711  IxSc_Sxy18  (XP_002415969.2)
    TRACEY ID   453712  DrVi_Gos28  (XP_002056222.2)
    TRACEY ID   453713  PlYo_SyxPM1  (XP_724309.2)
    TRACEY ID   453714  PoTr_Syx53  (XP_002316227.2)
    TRACEY ID   453716  OtGa_syx1A-X1  (XP_012663336.2)
    TRACEY ID   453717  MuMu_syx16-f  (NP_001349959.1)
    TRACEY ID   453718  PaBr_Sec22  (XP_002793695.2)
    TRACEY ID   453719  RaNo_vti  (NP_001364123.1)
    TRACEY ID   453720  PaTr_Syx18  (XP_001154387.2)
    TRACEY ID   453721  BrMa_Gos28  (XP_001899745.2)
    TRACEY ID   453722  ThPa_vamp  (EAN31119.2)
    TRACEY ID   453723  HoSa_syx5-3  (NP_001317223.1)
    TRACEY ID   453724  CaBr_Syx16  (XP_002647031.2)
    TRACEY ID   453725  MeTr_Syp21-3  (XP_003612840.2)
    TRACEY ID   453726  CiIn_Vamp4  (XP_002132118.2)
    TRACEY ID   453727  PiGu_Bos1  (XP_001487798.2)
    TRACEY ID   453728  CaRe_Syb5  (XP_003113020.2)
    TRACEY ID   453729  RiCom_Sec20  (XP_002528335.2)
    TRACEY ID   453730  CaJc_Syx13  (XP_002750545.3)
    TRACEY ID   453731  PiGu_Vam3  (XP_001487485.2)
    TRACEY ID   453732  PlCh_SyxPM1  (XP_742573.2)
    TRACEY ID   453733  ToGo_Sec20  (XP_002371345.2)
    TRACEY ID   453734  PiGu_Vti1  (XP_001486529.2)
    TRACEY ID   453735  ViVi_syx124  (XP_010646969.2)
    TRACEY ID   453736  DrMo_Syx17  (XP_002007054.3)
    TRACEY ID   453738  CaJc_Syx19  (XP_002761346.3)
    TRACEY ID   453739  ChRe_Use1  (XP_001699207.2)
    TRACEY ID   453740  CaJc_Syx10  (XP_002807847.3)
    TRACEY ID   453741  CaJc_Use1  (XP_002761919.3)
    TRACEY ID   453742  CuQu_Use1  (XP_001841767.2)
    TRACEY ID   453743  AmQu_syx1A-X2  (XP_011405383.2)
    TRACEY ID   453744  PiGu_Sed5  (XP_001482780.2)
    TRACEY ID   453745  CaRe_Use1  (XP_003099270.2)
    TRACEY ID   453746  DrSi_Syx17  (XP_002083633.3)
    TRACEY ID   453747  RiCom_Memb1  (XP_002525701.2)
    TRACEY ID   453748  PiGu_Tlg1  (XP_001485227.2)
    TRACEY ID   453749  GlMa_Gos12  (NP_001242858.2)
    TRACEY ID   453750  RiCom_syx72  (XP_002526376.3)
    TRACEY ID   453751  PaPan_SN23  (XP_003805648.3)
    TRACEY ID   453752  PaPan_snap23-X1  (XP_003805647.3)
    TRACEY ID   453753  CaRe_Memb2  (XP_003112537.2)
    TRACEY ID   453754  DrSe_Syx5  (XP_002038155.2)
    TRACEY ID   453755  DrMo_Sec20  (XP_002001414.3)
    TRACEY ID   453756  CiIn_Amisyn  (XP_002131400.2)
    TRACEY ID   453757  CiIn_Ykt6  (XP_002128592.2)
    TRACEY ID   453758  CiIn_ykt6-like-X1  (XP_009859212.2)
    TRACEY ID   453759  ChRe_Syx6like  (XP_001701574.2)
    TRACEY ID   453760  GlMa_syx31-2  (NP_001402713.1)
    TRACEY ID   453761  PiGu_Sec20  (XP_001486394.2)
    TRACEY ID   453763  AnoCa_tsnare1  (XP_008113702.2)
    TRACEY ID   453764  ClLu_Nyv1  (XP_002619173.2)
    TRACEY ID   453765  CiIn_Bet1  (XP_002119320.2)
    TRACEY ID   453766  ClLu_Tlg2  (XP_002619156.2)
    TRACEY ID   453767  PoAb_Syx8p  (XP_002827069.2)
    TRACEY ID   453768  ToGo_SN25  (XP_002369861.2)
    TRACEY ID   453769  DrEr_Tom  (XP_001978351.2)
    TRACEY ID   453770  RiCom_Syx115  (XP_002525472.2)
    TRACEY ID   453771  CiIn_Memb  (XP_002130373.2)
    TRACEY ID   453773  GlMa_Vamp712  (NP_001242259.2)
    TRACEY ID   453774  OrCu_syx17  (XP_002707992.3)
    TRACEY ID   453775  ViVi_ykt61-X1  (XP_010659784.2)
    TRACEY ID   453776  MeTr_Tom1  (XP_003616655.2)
    TRACEY ID   453777  PiGu_Sec22  (XP_001484447.2)
    TRACEY ID   453778  PaAn_Syx19  (XP_003893871.2)
    TRACEY ID   453779  PaAn_syx19-X2  (XP_009196813.2)
    TRACEY ID   453780  DaRe_Vamp4  (NP_957029.3)
    TRACEY ID   453781  PiGu_Tlg2  (XP_001484994.2)
    TRACEY ID   453782  PoAb_Vti1a  (XP_002821193.3)
    TRACEY ID   453783  OrCu_Bet1  (XP_002713847.2)
    TRACEY ID   453784  RiCom_vamp711  (XP_002531953.2)
    TRACEY ID   453785  CiIn_Use1  (XP_002122322.2)
    TRACEY ID   453786  PoAb_Syx5  (XP_002821683.2)
    TRACEY ID   453787  PoAb_syx5-X3  (XP_003777780.2)
    TRACEY ID   453788  ClLu_Snc-p  (XP_002615996.2)
    TRACEY ID   453789  CaRe_SN29  (XP_003098230.2)
    TRACEY ID   453790  DrWi_Vti1b  (XP_002073552.2)
    TRACEY ID   453791  ClLu_Ufe1  (XP_002616778.2)
    TRACEY ID   453792  AmQu_Sec22  (XP_003385017.2)
    TRACEY ID   453793  CoPo_Syx8  (XP_003066665.2)
    TRACEY ID   453794  NaDa_Tlg2  (XP_003671327.2)
    TRACEY ID   453795  IxSc_Vamp7  (XP_002400270.3)
    TRACEY ID   453796  GlMa_syx121  (NP_001304356.2)
    TRACEY ID   453797  CaJc_Syx1a  (XP_002743976.2)
    TRACEY ID   453798  ChRe_Bet1  (XP_001693301.2)
    TRACEY ID   453799  CiIn_Vti1b  (XP_002130133.2)
    TRACEY ID   453800  CoPo_Sed5  (XP_003067813.2)
    TRACEY ID   453801  AjDe_Vam7  (XP_002629156.2)
    TRACEY ID   453802  CoPo_Ufe1  (XP_003067847.2)
    TRACEY ID   453803  DrSe_Syx6  (XP_002033332.2)
    TRACEY ID   453804  OrCu_vamp4-X2  (XP_008262293.2)
    TRACEY ID   453805  SoBi_Vamp724  (XP_002459621.2)
    TRACEY ID   453806  CaJc_Syx17  (XP_002743184.3)
    TRACEY ID   453807  CiIn_Sec20  (XP_002129504.2)
    TRACEY ID   453808  MeTr_snap25  (XP_003627345.2)
    TRACEY ID   453809  PoAb_syx2-X4  (XP_009246679.2)
    TRACEY ID   453810  EnHi_Syx5-2  (EAL47609.2)
    TRACEY ID   453811  DrSi_Syx18  (XP_002104745.2)
    TRACEY ID   453812  AmQu_syx7  (XP_011409634.2)
    TRACEY ID   453813  OsTa_Ykt6  (XP_003075280.2)
    TRACEY ID   453814  CaAl_Pep12  (XP_720600.2)
    TRACEY ID   453815  PaBr_Snc  (XP_002793619.2)
    TRACEY ID   453816  ApMe_syxbp5-X6  (XP_006569744.2)
    TRACEY ID   453817  ApMe_syxbp5-X4  (XP_006569743.2)
    TRACEY ID   453818  ApMe_syxbp5-X3  (XP_006569742.2)
    TRACEY ID   453819  ApMe_syxbp5-X2  (XP_006569741.2)
    TRACEY ID   453820  ApMe_syxbp5-X8  (XP_006569748.2)
    TRACEY ID   453821  ApMe_syxbp5-X1  (XP_006569740.2)
    TRACEY ID   453822  ApMe_syxbp5-X7  (XP_006569746.2)
    TRACEY ID   453823  AnGa_Syx16  (XP_316820.6)
    TRACEY ID   453824  DaRe_Syx10  (NP_001313376.1)
    TRACEY ID   453825  NoLe_Syx10  (XP_003275651.2)
    TRACEY ID   453826  DaRe_SN29  (NP_001243185.2)
    TRACEY ID   453827  SeMo_SyxPM5  (XP_002991810.2)
    TRACEY ID   453828  SeMo_syx132  (XP_002992970.2)
    TRACEY ID   453830  MuMu_tom-4  (NP_001394994.1)
    TRACEY ID   453831  MuMu_tom-2  (NP_001394992.1)
    TRACEY ID   453832  TrRu_Vti1  (XP_003232326.2)
    TRACEY ID   453833  DrWi_Syx4  (XP_002070939.2)
    TRACEY ID   453834  DrSi_Vti1b  (XP_002102941.2)
    TRACEY ID   453835  CaAl_Use1  (XP_719102.2)
    TRACEY ID   453836  CiIn_Syx7  (XP_002123047.2)
    TRACEY ID   453837  CiIn_Vamp7  (XP_002127203.2)
    TRACEY ID   453838  CiIn_Syx5  (XP_002126270.2)
    TRACEY ID   453839  PlKn_vamp  (XP_002261423.2)
    TRACEY ID   453840  CoPo_Vam7  (XP_003065464.2)
    TRACEY ID   453841  SeMo_SyxPM7  (XP_002990760.2)
    TRACEY ID   453842  SeMo_syx132  (XP_002986653.2)
    TRACEY ID   453843  PlKn_Ykt62  (XP_002260094.2)
    TRACEY ID   453844  AsNg_secretory  (XP_001395806.3)
    TRACEY ID   453845  CaFl_syx5  (XP_011265962.2)
    TRACEY ID   453846  CrGi_vamp7  (XP_011442879.2)
    TRACEY ID   453847  CrGi_vamp7  (XP_011442880.2)
    TRACEY ID   453848  AsNi_syxA4  (XP_659652.2)
    TRACEY ID   453849  AsNg_vamp7  (XP_001392863.3)
    TRACEY ID   453850  PiGu_snap  (XP_001486871.2)
    TRACEY ID   453851  CaFl_syx18  (XP_011255151.2)
    TRACEY ID   453852  CaFl_syx18  (XP_011255150.2)
    TRACEY ID   453853  CaFl_snap29-like  (XP_011253531.2)
    TRACEY ID   453854  MeAn_Sec9  (EFZ03166.2)
    TRACEY ID   453855  CrGi_snap29  (XP_011415111.3)
    TRACEY ID   453856  CrGi_sec22b  (XP_011429609.2)
    TRACEY ID   453857  CrGi_snap47  (XP_011416959.3)
    TRACEY ID   453858  CrGi_gosrm-X2  (XP_011446338.3)
    TRACEY ID   453859  AeAe_ykt6  (XP_011493172.2)
    TRACEY ID   453860  CrGi_vti  (XP_011448146.3)
    TRACEY ID   453861  CrGi_vamp8-X2  (XP_011439968.3)
    TRACEY ID   453862  CrGi_vamp7  (XP_011427751.4)
    TRACEY ID   453863  CrGi_gosr  (XP_011432817.2)
    TRACEY ID   453864  SoIn_syb1  (XP_011175188.2)
    TRACEY ID   453865  SoIn_syb1  (XP_011175189.2)
    TRACEY ID   453866  SoIn_syb1  (XP_011175191.2)
    TRACEY ID   453867  CoIm_Sft1  (EAS35995.3)
    TRACEY ID   453868  BaMi_Sec22  (CCF76159.2)
    TRACEY ID   453869  BaMi_sec22  (XP_012650567.2)
    TRACEY ID   453870  ZeMa_ykt61  (NP_001347371.1)
    TRACEY ID   453871  SoIn_gosr  (XP_011168228.2)
    TRACEY ID   453873  GoGoGo_Syx11  (XP_004044840.2)
    TRACEY ID   453874  MaFa_syx3-X16  (XP_005577816.3)
    TRACEY ID   453875  GoGoGo_Syx18  (XP_004038425.2)
    TRACEY ID   453876  ColLi_SN47  (XP_005512170.2)
    TRACEY ID   453877  PoAb_syx3-X3  (XP_002821780.2)
    TRACEY ID   453878  ColLi_syx3-X1  (XP_005511078.2)
    TRACEY ID   453879  CaHi_Syx16  (XP_005688362.2)
    TRACEY ID   453880  CaHi_syx16-X5  (XP_005688365.2)
    TRACEY ID   453881  CaHi_syx16-X2  (XP_005688363.2)
    TRACEY ID   453882  CaHi_syx16-X4  (XP_005688364.2)
    TRACEY ID   453883  CaHi_syx16-X3  (XP_005688366.2)
    TRACEY ID   453884  CaHi_syx16-X3  (XP_005688368.2)
    TRACEY ID   453885  CaHi_syx16-X3  (XP_005688367.2)
    TRACEY ID   453886  PuNy_syx3  (XP_005753443.2)
    TRACEY ID   453887  MelUn_Tom2  (XP_005143083.2)
    TRACEY ID   453888  MelUn_Syx13  (XP_005142765.4)
    TRACEY ID   453889  ChrPi_syx11-X1  (XP_005280467.2)
    TRACEY ID   453890  ChrPi_Tom1  (XP_005280484.2)
    TRACEY ID   453891  ChrPi_syxbp5-X5  (XP_005280487.2)
    TRACEY ID   453892  ChrPi_syxbp5-X4  (XP_005280486.2)
    TRACEY ID   453893  ChrPi_syxbp5-X2  (XP_005280485.2)
    TRACEY ID   453894  MaFa_syx11  (XP_005552089.3)
    TRACEY ID   453895  MaFa_syx11  (XP_005552088.3)
    TRACEY ID   453896  ChrPi_use1-X2  (XP_005279080.2)
    TRACEY ID   453897  MaZe_Syx2  (XP_004538375.2)
    TRACEY ID   453898  MaZe_syx2  (XP_004538374.2)
    TRACEY ID   453899  ChrPi_Tom2  (XP_005292752.2)
    TRACEY ID   453900  ChrPi_syxbp5-like-X7  (XP_005292754.2)
    TRACEY ID   453901  ChrPi_syxbp5-like-X8  (XP_005292755.2)
    TRACEY ID   453902  ChrPi_syxbp5-like-X12  (XP_005292758.2)
    TRACEY ID   453903  MelUn_Syx19  (XP_005151889.2)
    TRACEY ID   453904  MelUn_Syx16  (XP_005147602.2)
    TRACEY ID   453905  MelUn_syx16-X4  (XP_005147604.2)
    TRACEY ID   453906  MelUn_syx16-X3  (XP_005147605.2)
    TRACEY ID   453907  MelUn_SN29  (XP_005147818.2)
    TRACEY ID   453908  CaHi_Use1  (XP_005682191.3)
    TRACEY ID   453909  ChrPi_Syx13  (XP_005286311.2)
    TRACEY ID   453910  ChrPi_SN47  (XP_005286336.2)
    TRACEY ID   453911  ChrPi_snap47-X2  (XP_005286338.2)
    TRACEY ID   453912  MaFa_SN29  (XP_005567947.3)
    TRACEY ID   453913  CaHi_Syx13  (XP_005676846.2)
    TRACEY ID   453914  FaCh_Syx16  (XP_005444957.2)
    TRACEY ID   453915  BaBo_Npsn2frag  (XP_001609230.2)
    TRACEY ID   453916  ApCa_SN47  (XP_005113415.2)
    TRACEY ID   453917  PlCh_SyxPM2p  (XP_736739.2)
    TRACEY ID   453918  ApCa_Sec22  (XP_005111656.2)
    TRACEY ID   453919  SoAr_Use1  (XP_004616930.2)
    TRACEY ID   453920  MaZe_syx11a  (XP_004540178.3)
    TRACEY ID   453921  MaZe_Syx11-2  (XP_004541782.3)
    TRACEY ID   453922  MaZe_syx11-X1  (XP_004541781.3)
    TRACEY ID   453923  ChrPi_Sec20  (XP_005298117.2)
    TRACEY ID   453924  AnPl_Syx19  (XP_005017841.2)
    TRACEY ID   453925  SoAr_Memb  (XP_004618035.2)
    TRACEY ID   453926  ChrPi_Sec22  (XP_005311578.3)
    TRACEY ID   453927  ChrPi_Syb2  (XP_005313056.2)
    TRACEY ID   453928  ChrPi_vti  (XP_008171024.2)
    TRACEY ID   453929  FaCh_snap23  (XP_005441106.2)
    TRACEY ID   453930  ChiLa_Syx4  (XP_005405348.2)
    TRACEY ID   453931  ApCa_SN47part2  (XP_005091799.3)
    TRACEY ID   453932  FaPe_Ykt6frag  (XP_005235808.3)
    TRACEY ID   453933  GoGoGo_SN29  (XP_004063117.2)
    TRACEY ID   453934  GoGoGo_syx17  (XP_004048396.2)
    TRACEY ID   453935  GoGoGo_Syx5  (XP_004051431.3)
    TRACEY ID   453936  SoLy_syx22  (XP_004245948.2)
    TRACEY ID   453937  SoLy_Syx121  (XP_004249403.2)
    TRACEY ID   453938  OcDe_Syx1a  (XP_004630486.2)
    TRACEY ID   453939  OrLa_Syx2  (XP_004074905.2)
    TRACEY ID   453940  SoLy_Ykt61  (XP_004242568.2)
    TRACEY ID   453941  ZoAl_Vti1b  (XP_005479973.2)
    TRACEY ID   453942  SoLy_Sec22  (XP_004252403.2)
    TRACEY ID   453943  SoLy_sec22  (NP_001353318.1)
    TRACEY ID   453944  SoLy_sec22  (XP_010314328.2)
    TRACEY ID   453945  SoLy_syx81  (XP_004237813.2)
    TRACEY ID   453946  OvAr_Tom1  (XP_004011450.2)
    TRACEY ID   453947  OvAr_syxbp5-X1  (XP_004011451.3)
    TRACEY ID   453948  OvAr_Vti1b  (XP_004010785.3)
    TRACEY ID   453949  DaNo_Syx11  (XP_004452095.2)
    TRACEY ID   453950  DaNo_syx11-X2  (XP_012378202.2)
    TRACEY ID   453951  OvAr_use1  (XP_004008486.4)
    TRACEY ID   453952  ZoAl_Tom2  (XP_005486148.2)
    TRACEY ID   453953  ZoAl_syxbp5-like-X8  (XP_005486153.2)
    TRACEY ID   453954  ZoAl_syxbp5-like-X9  (XP_005486155.2)
    TRACEY ID   453955  ZoAl_syxbp5-like-X4  (XP_005486150.2)
    TRACEY ID   453956  ZoAl_syxbp5-like-X3  (XP_005486149.2)
    TRACEY ID   453957  ZoAl_syxbp5-like-X7  (XP_005486152.2)
    TRACEY ID   453958  ZoAl_syxbp5-like-X5  (XP_005486151.2)
    TRACEY ID   453959  ZoAl_Syx18  (XP_005485810.2)
    TRACEY ID   453960  SoLy_Syx111  (XP_004230942.2)
    TRACEY ID   453961  OvAr_Syx17  (XP_004004271.3)
    TRACEY ID   453962  ZoAl_Syx1a  (XP_005491811.2)
    TRACEY ID   453963  CiAr_Syx112  (XP_004512058.2)
    TRACEY ID   453964  AnPl_SN29  (XP_005021223.2)
    TRACEY ID   453965  ZoAl_Syx19  (XP_005491466.2)
    TRACEY ID   453966  TuTr_Syx5  (XP_004317362.2)
    TRACEY ID   453967  TuTr_SN29  (XP_004315873.4)
    TRACEY ID   453968  PeCh_Ufe1  (XP_002565848.2)
    TRACEY ID   453969  PsHu_syx1A  (XP_005525935.2)
    TRACEY ID   453970  OchPr_Syx16  (XP_004585984.2)
    TRACEY ID   453971  OchPr_syx16-X1  (XP_004585982.2)
    TRACEY ID   453972  OchPr_Syx3  (XP_004585331.2)
    TRACEY ID   453973  OrOr_syx3-X4  (XP_012392753.2)
    TRACEY ID   453974  CuSa_Syx18  (XP_004138436.2)
    TRACEY ID   453975  OchPr_Syx11  (XP_004587346.2)
    TRACEY ID   453976  OchPr_Syx13  (XP_004592246.2)
    TRACEY ID   453977  IcTr_Syx6  (XP_005319791.2)
    TRACEY ID   453978  OchPr_Tom2  (XP_004577920.2)
    TRACEY ID   453979  OrOr_SN29  (XP_004276072.2)
    TRACEY ID   453980  TaRu_Syx17  (XP_003966197.2)
    TRACEY ID   453981  TaRu_Gos28  (XP_003971043.2)
    TRACEY ID   453982  CuSa_syx121  (XP_004143398.3)
    TRACEY ID   453983  JaJa_Syx19  (XP_004663361.2)
    TRACEY ID   453984  FicAl_SN29  (XP_005054954.2)
    TRACEY ID   453985  HeGla_syx2-X5  (XP_012927316.2)
    TRACEY ID   453986  OrOr_Syx2  (XP_004276684.3)
    TRACEY ID   453987  FeCa_SN29  (XP_003995013.2)
    TRACEY ID   453988  FeCa_Syx5  (XP_003993578.2)
    TRACEY ID   453989  FeCa_syx5-X1  (XP_006937498.2)
    TRACEY ID   453990  TaGu_Syx21  (XP_004174206.4)
    TRACEY ID   453991  GeFo_Syx13  (XP_005428752.2)
    TRACEY ID   453992  GeFo_Syx20  (XP_005426679.2)
    TRACEY ID   453993  OchPr_Syx19  (XP_004596617.2)
    TRACEY ID   453994  JaJa_Tom1  (XP_004651194.2)
    TRACEY ID   453995  JaJa_syx11  (XP_012806656.2)
    TRACEY ID   453996  IcTr_Use1  (XP_005333083.2)
    TRACEY ID   453997  TaGu_syxbp5-like-X3  (XP_012425410.5)
    TRACEY ID   453998  PlRe_Use1  (XP_012762205.2)
    TRACEY ID   453999  PlRe_Vamp7  (XP_012764413.2)
    TRACEY ID   454000  PlRe_Syx18  (XP_012764648.2)
    TRACEY ID   454001  PlRe_Sec20  (XP_012764548.2)
    TRACEY ID   454002  PlRe_Pep12  (XP_012763978.2)
    TRACEY ID   454003  PlVin_vamp  (XP_008623338.2)
    TRACEY ID   454004  PlRe_Npsn2  (XP_012764224.2)
    TRACEY ID   454005  BaMi_SyxPM1  (XP_012649302.2)
    TRACEY ID   454006  PlVin_vamp  (XP_008622075.2)
    TRACEY ID   454007  PlRe_SyxPM1  (XP_012765366.2)
    TRACEY ID   454008  PlVin_vamp  (XP_008626518.2)
    TRACEY ID   454009  PlVin_vamp  (XP_008622670.2)
    TRACEY ID   454010  PlVin_vamp  (XP_008624663.2)
    TRACEY ID   454011  MaNe_Syx11  (XP_011712706.2)
    TRACEY ID   454012  MaNe_syx11  (XP_011712705.2)
    TRACEY ID   454013  MaNe_syx11  (XP_011712704.2)
    TRACEY ID   454014  FuHe_syx11b  (XP_012722888.2)
    TRACEY ID   454015  FuHe_syx4  (XP_012732485.2)
    TRACEY ID   454016  JaJa_snap23-like-X2  (XP_012803862.2)
    TRACEY ID   454017  JaJa_snap23-like-X1  (XP_012803861.2)
    TRACEY ID   454018  AoNa_Syx4  (XP_012325403.2)
    TRACEY ID   454019  FuHe_syx2-X2  (XP_012721685.2)
    TRACEY ID   454020  MaNe_Syx20  (XP_011750718.2)
    TRACEY ID   454021  MaNe_tsnare1-X9  (XP_011750717.2)
    TRACEY ID   454022  MaNe_tsnare1-X11  (XP_011750720.2)
    TRACEY ID   454023  MaNe_tsnare1-X4  (XP_011750712.2)
    TRACEY ID   454024  MaNe_tsnare1-X8  (XP_011750715.2)
    TRACEY ID   454025  MaNe_tsnare1-X1  (XP_011750709.2)
    TRACEY ID   454026  MaNe_tsnare1-X2  (XP_011750710.2)
    TRACEY ID   454027  MaNe_tsnare1-X3  (XP_011750711.2)
    TRACEY ID   454028  MaNe_tsnare1-X15  (XP_011750724.2)
    TRACEY ID   454029  AoNa_Sec22  (XP_012314249.2)
    TRACEY ID   454030  FuHe_Sec22-1  (XP_012720304.3)
    TRACEY ID   454031  OchPr_Syx21N  (XP_012784571.2)
    TRACEY ID   454032  FuHe_Syx2  (XP_012724866.2)
    TRACEY ID   454033  ClHar_SN29  (XP_012669720.2)
    TRACEY ID   454034  FuHe_Syx17  (XP_012704758.2)
    TRACEY ID   454035  ClHar_syx11b-X1  (XP_012693579.2)
    TRACEY ID   454036  FuHe_syx3a-X1  (XP_012727406.2)
    TRACEY ID   454037  ClHar_syx11b-X2  (XP_012693580.3)
    TRACEY ID   454038  OvAr_syxbp5-like-X4  (XP_004003007.2)
    TRACEY ID   454039  OvAr_syxbp5-like-X5  (XP_011950740.2)
    TRACEY ID   454040  LaCro_sec22b  (XP_010731618.3)
    TRACEY ID   454041  FuHe_syx11  (XP_012727032.2)
    TRACEY ID   454042  MaNe_syx2-X5  (XP_011754574.2)
    TRACEY ID   454043  ClHar_Tom1b  (XP_012677896.2)
    TRACEY ID   454044  ClHar_Syx11  (XP_012677870.2)
    TRACEY ID   454045  FuHe_Syx18  (XP_012726211.2)
    TRACEY ID   454046  FuHe_SN47  (XP_012731892.2)
    TRACEY ID   454047  MaNe_syx3-X3  (XP_011710916.2)
    TRACEY ID   454048  FuHe_Sec22-2  (XP_012716441.2)
    TRACEY ID   454049  MiMur_syx17  (XP_012624451.2)
    TRACEY ID   454050  MiMur_syx17  (XP_012624452.2)
    TRACEY ID   454051  ClHar_Ykt6  (XP_012696134.2)
    TRACEY ID   454052  ClHar_Syx7  (XP_012684826.2)
    TRACEY ID   454053  ClHar_Syx17  (XP_012675898.2)
    TRACEY ID   454054  MiMur_Syx1a  (XP_012597681.2)
    TRACEY ID   454055  ClHar_Syx19  (XP_012675260.2)
    TRACEY ID   454056  CaFl_Syx17  (XP_011252305.2)
    TRACEY ID   454057  AlMi_Ykt6  (XP_006275078.3)
    TRACEY ID   454058  AlMi_Gs15  (XP_006274947.2)
    TRACEY ID   454059  DiCi_Syx7  (XP_008486796.2)
    TRACEY ID   454060  AsMe_Ykt6  (XP_007234275.3)
    TRACEY ID   454061  AsMe_ykt6  (XP_007234274.3)
    TRACEY ID   454062  BalAc_Syx1a  (XP_007186606.2)
    TRACEY ID   454063  UrMa_Tom2  (XP_008706410.2)
    TRACEY ID   454064  EucGr_ykt61  (XP_010049864.2)
    TRACEY ID   454065  AmTr_Tom2  (XP_011623149.2)
    TRACEY ID   454066  LepOc_Vti1a  (XP_006630835.2)
    TRACEY ID   454067  AlMi_Syx19  (XP_006261367.2)
    TRACEY ID   454068  BrRa_ykt61  (XP_009120322.2)
    TRACEY ID   454069  CuSa_Sec20  (XP_011656838.2)
    TRACEY ID   454070  SaKo_gosr  (XP_006817928.2)
    TRACEY ID   454071  AsMe_Syx17  (XP_007229514.3)
    TRACEY ID   454072  LepOc_SN23  (XP_006632625.3)
    TRACEY ID   454073  OpHo_Tom2  (XP_009939865.2)
    TRACEY ID   454074  PsyX_syx81-X1  (XP_009375853.2)
    TRACEY ID   454075  PsyX_syx81-X1  (XP_009375854.2)
    TRACEY ID   454076  PsyX_syx81-X1  (XP_009375857.2)
    TRACEY ID   454077  PsyX_syx81-X2  (XP_009375858.2)
    TRACEY ID   454078  MoPh_vamp711-X1  (XP_012529541.2)
    TRACEY ID   454079  AnoCa_Syx19  (XP_008105945.2)
    TRACEY ID   454080  SoIn_nSyb  (XP_011175185.2)
    TRACEY ID   454081  AlMi_Vti1a  (XP_006278028.3)
    TRACEY ID   454082  AlSi_Endob  (XP_006031244.2)
    TRACEY ID   454083  LepOc_Syx17  (XP_006635799.2)
    TRACEY ID   454084  UrMa_syx3-X2  (XP_008692411.2)
    TRACEY ID   454085  MeAcr_Sft1  (XP_007809034.2)
    TRACEY ID   454086  CySe_Syx1  (XP_008336603.2)
    TRACEY ID   454087  ChlSa_Syx4  (XP_007988671.2)
    TRACEY ID   454088  ChlSa_syx4-X3  (XP_007988676.2)
    TRACEY ID   454089  UrMa_Tom1  (XP_008693283.2)
    TRACEY ID   454090  MeRo_Eb-like  (XP_012139916.2)
    TRACEY ID   454091  EucGr_Sec20  (XP_010065463.2)
    TRACEY ID   454092  BacDo_nSyb  (XP_011199257.2)
    TRACEY ID   454093  MeAcr_Bet1  (XP_007806374.2)
    TRACEY ID   454094  EucGr_Use1  (XP_010063455.2)
    TRACEY ID   454095  PogBa_Syx17  (XP_011629879.2)
    TRACEY ID   454096  ChrPi_syx8-X2  (XP_008162046.2)
    TRACEY ID   454097  BacDo_vti  (XP_011200899.2)
    TRACEY ID   454098  EucGr_Syx181  (XP_010067483.2)
    TRACEY ID   454099  EucGr_syx81-X1  (XP_010067485.2)
    TRACEY ID   454100  LepOc_Syx2  (XP_006640311.2)
    TRACEY ID   454101  PeSi_syxbp5-X6  (XP_006111358.2)
    TRACEY ID   454102  PeSi_syxbp5-X2  (XP_006111356.2)
    TRACEY ID   454103  PeSi_syxbp5-X4  (XP_006111357.2)
    TRACEY ID   454104  PoRe_syx11  (XP_008395923.2)
    TRACEY ID   454105  PoRe_syx11  (XP_008395925.2)
    TRACEY ID   454106  PoRe_syxbp5a-X4  (XP_008395965.2)
    TRACEY ID   454107  ChlSa_syx3-X1  (XP_007995365.3)
    TRACEY ID   454108  ErEu_Syx11  (XP_007517920.2)
    TRACEY ID   454109  PtAl_Syx2  (XP_006910029.2)
    TRACEY ID   454110  PtAl_syx2-X1  (XP_006910028.2)
    TRACEY ID   454111  StCam_Syx21  (XP_009685981.2)
    TRACEY ID   454112  ChrPi_GS15  (XP_005313184.2)
    TRACEY ID   454113  PogBa_Eb-like  (XP_011634408.2)
    TRACEY ID   454114  EsLu_Tom2  (XP_010862229.2)
    TRACEY ID   454115  EsLu_syxbp5a-X4  (XP_010862232.2)
    TRACEY ID   454116  EsLu_syxbp5a-X6  (XP_010862234.2)
    TRACEY ID   454117  EsLu_syxbp5a-X2  (XP_010862230.2)
    TRACEY ID   454118  EsLu_syxbp5a-X3  (XP_010862231.2)
    TRACEY ID   454119  AlSi_Syx13  (XP_006014913.2)
    TRACEY ID   454120  PyBi_Vti1afrag  (XP_007436418.2)
    TRACEY ID   454121  NaVi_Syx20  (XP_008203602.2)
    TRACEY ID   454122  CamFe_Tom1  (XP_006185501.2)
    TRACEY ID   454123  CamFe_syxbp5-X4  (XP_006185502.2)
    TRACEY ID   454124  PlXy_SN29  (XP_011559605.3)
    TRACEY ID   454125  AsMe_Tom1b  (XP_007255723.3)
    TRACEY ID   454126  BacDo_Use1  (XP_011211050.2)
    TRACEY ID   454127  EqPr_Syx11  (XP_008520399.2)
    TRACEY ID   454128  EqPr_syx11-X1  (XP_008520401.2)
    TRACEY ID   454129  PaPan_Syx3  (XP_008950037.3)
    TRACEY ID   454130  PaPan_syx3-X2  (XP_008950036.3)
    TRACEY ID   454131  PyBi_Syx8  (XP_007435617.2)
    TRACEY ID   454132  LepWe_Syx1a  (XP_006743932.2)
    TRACEY ID   454133  PyBi_Syx1a  (XP_007430329.2)
    TRACEY ID   454134  AsMe_Syx11  (XP_007252023.2)
    TRACEY ID   454135  AsMe_Tom1  (XP_007252031.2)
    TRACEY ID   454136  AsMe_syxbp5-X2  (XP_007252030.3)
    TRACEY ID   454137  AsMe_syxbp5-X10  (XP_007252032.2)
    TRACEY ID   454138  PogBa_Vamp7  (XP_011638898.2)
    TRACEY ID   454139  CoBr_Syx2  (XP_008632228.2)
    TRACEY ID   454140  PaTi_Syx11  (XP_007096416.3)
    TRACEY ID   454141  PlXy_Memb  (XP_011557794.3)
    TRACEY ID   454142  AsMe_Syx13  (XP_007253105.2)
    TRACEY ID   454143  BacCu_syx7  (XP_011196014.2)
    TRACEY ID   454144  UrMa_Syx18  (XP_008683976.2)
    TRACEY ID   454145  UrMa_syx18-X2  (XP_008683977.2)
    TRACEY ID   454146  AsMe_ykt6  (XP_007250321.2)
    TRACEY ID   454147  ChMy_Syx5  (XP_007070439.2)
    TRACEY ID   454148  AsMe_syx12  (XP_007249654.2)
    TRACEY ID   454149  AsMe_Syx19  (XP_007251736.3)
    TRACEY ID   454150  CapCar_Syx11  (XP_010168089.2)
    TRACEY ID   454151  CapCar_Syx1b  (XP_010168268.2)
    TRACEY ID   454152  PlXy_syx18  (XP_011549808.3)
    TRACEY ID   454153  LeiPa_vamp17  (AIN97072.2)
    TRACEY ID   454154  UrMa_Sec20  (XP_008690587.2)
    TRACEY ID   454155  UrMa_sec20-X3  (XP_008690588.2)
    TRACEY ID   454156  MeGa_Syx3  (XP_010709049.3)
    TRACEY ID   454157  LaCro_syx11  (XP_010741555.3)
    TRACEY ID   454158  LaCro_Tom2  (XP_010740044.3)
    TRACEY ID   454159  BacCu_Syx4  (XP_011187795.2)
    TRACEY ID   454160  BacCu_syx4-X2  (XP_011187797.2)
    TRACEY ID   454161  BacCu_syx4-X1  (XP_011187796.2)
    TRACEY ID   454162  BacCu_Gos28  (XP_011188021.2)
    TRACEY ID   454163  ChMy_Tom1  (XP_007056322.2)
    TRACEY ID   454164  ChMy_syxbp5-X16  (XP_007056323.2)
    TRACEY ID   454165  PyBi_Syb2-2  (XP_007443342.2)
    TRACEY ID   454166  SoIn_Syx4  (XP_011159282.2)
    TRACEY ID   454167  MuAc_ykt61  (XP_009420506.2)
    TRACEY ID   454168  AsMe_Syx18  (XP_007240750.3)
    TRACEY ID   454169  EgGa_Syx2  (XP_009638131.2)
    TRACEY ID   454170  PlXy_Vamp7  (XP_011568589.3)
    TRACEY ID   454171  DiCi_Gos28  (XP_008485291.3)
    TRACEY ID   454172  LaCh_Myob  (XP_005995239.2)
    TRACEY ID   454173  PlXy_ykt6  (XP_011557437.2)
    TRACEY ID   454174  AmQu_syx1A  (XP_011405064.2)
    TRACEY ID   454175  EgGa_Tom1  (XP_009645254.2)
    TRACEY ID   454176  NeNu_Syx181  (XP_010247309.2)
    TRACEY ID   454177  BacCu_Syx8  (XP_011180592.2)
    TRACEY ID   454178  MoDo_Myob  (XP_007507892.2)
    TRACEY ID   454179  SaKo_syxLOC102809296  (XP_006815743.2)
    TRACEY ID   454180  LepOc_Syx11  (XP_006625912.2)
    TRACEY ID   454181  ChlSa_Syx2  (XP_008003417.2)
    TRACEY ID   454182  ChlSa_syx2-X6  (XP_008003419.2)
    TRACEY ID   454183  LepOc_Myob  (XP_006625614.2)
    TRACEY ID   454184  AsMe_syx1A-X2  (XP_007237449.3)
    TRACEY ID   454185  AsMe_syx2-X1  (XP_007237448.3)
    TRACEY ID   454186  LaCro_Syx11  (XP_010742212.3)
    TRACEY ID   454187  LaCro_syx11  (XP_010742211.3)
    TRACEY ID   454188  PyBi_Syx18  (XP_007437315.2)
    TRACEY ID   454189  CrGi_Syx18  (XP_011448546.3)
    TRACEY ID   454190  RhiRo_Syx19  (XP_010355612.2)
    TRACEY ID   454191  CiSi_Sec22  (XP_006465842.2)
    TRACEY ID   454192  PsyX_Sec20  (XP_009347752.2)
    TRACEY ID   454193  VicPa_Syx1b  (XP_006201358.2)
    TRACEY ID   454194  AtRo_Syx18  (XP_012256976.2)
    TRACEY ID   454195  PhyCa_Syx11  (XP_007101073.2)
    TRACEY ID   454196  MaBr_Sft1  (XP_007296005.2)
    TRACEY ID   454197  EsLu_Syx19  (XP_010878504.2)
    TRACEY ID   454198  EsLu_syx19-X2  (XP_010878507.2)
    TRACEY ID   454199  EsLu_syx19-X2  (XP_010878508.2)
    TRACEY ID   454200  EsLu_syx19-X1  (XP_010878506.2)
    TRACEY ID   454201  EsLu_syx19-X1  (XP_010878505.2)
    TRACEY ID   454202  AtRo_Tom  (XP_012258298.2)
    TRACEY ID   454203  AtRo_syxbp5-X3  (XP_012258302.2)
    TRACEY ID   454204  AtRo_syxbp5-X3  (XP_012258301.2)
    TRACEY ID   454205  AtRo_syxbp5-X1  (XP_012258297.2)
    TRACEY ID   454206  MyBr_Syx11  (XP_005859152.2)
    TRACEY ID   454207  PeSi_Syx16  (XP_006125388.2)
    TRACEY ID   454208  PeSi_syx16-X3  (XP_006125391.2)
    TRACEY ID   454209  PeSi_syx16-X2  (XP_006125393.3)
    TRACEY ID   454210  PeSi_syx16-X4  (XP_006125392.2)
    TRACEY ID   454211  BacDo_Syx16  (XP_011206270.2)
    TRACEY ID   454212  AtRo_Vamp4  (XP_012265350.2)
    TRACEY ID   454213  AtRo_vamp4-X1  (XP_012265347.2)
    TRACEY ID   454214  BacDo_Syx8  (XP_011208962.2)
    TRACEY ID   454215  CrGi_vamp5  (XP_011453517.3)
    TRACEY ID   454216  AtRo_Syx17  (XP_012267017.2)
    TRACEY ID   454217  BacDo_Syx6  (XP_011207518.2)
    TRACEY ID   454218  EsLu_syx11  (XP_010880449.2)
    TRACEY ID   454219  CalMi_Syx17  (XP_007895626.2)
    TRACEY ID   454220  CalMi_syx17  (XP_007895625.2)
    TRACEY ID   454221  PoAb_Syx4  (XP_009248941.2)
    TRACEY ID   454222  AtRo_Vamp7  (XP_012263154.2)
    TRACEY ID   454223  BoTe_Bet1  (XP_012175654.2)
    TRACEY ID   454224  AsMe_Syx11-like2  (XP_007258232.3)
    TRACEY ID   454225  AsMe_Syx1a  (XP_007258467.3)
    TRACEY ID   454226  PhoDa_Ykt61  (XP_008784146.2)
    TRACEY ID   454227  ThCac_Ykt61  (XP_007011973.2)
    TRACEY ID   454228  PaTr_Syx2  (XP_009424849.3)
    TRACEY ID   454229  PaTr_syx2-X2  (XP_001138080.3)
    TRACEY ID   454230  CuCa_Tom2  (XP_009555301.2)
    TRACEY ID   454231  CalMi_Syx19  (XP_007885210.2)
    TRACEY ID   454232  BacDo_Syx17  (XP_011210897.2)
    TRACEY ID   454233  BacDo_Sec20  (XP_011210365.2)
    TRACEY ID   454234  BacDo_SN29  (XP_011206868.2)
    TRACEY ID   454235  BacDo_Memb  (XP_011201305.2)
    TRACEY ID   454236  AtRo_Syx20  (XP_012267800.2)
    TRACEY ID   454237  BacDo_Syx18  (XP_011203110.2)
    TRACEY ID   454238  BacDo_Syx5  (XP_011207010.2)
    TRACEY ID   454239  BacDo_SN24  (XP_011198303.2)
    TRACEY ID   454240  ChlSa_Syx19  (XP_007984333.3)
    TRACEY ID   454241  PhoDa_Sec20  (XP_008789477.2)
    TRACEY ID   454242  PeFo_Use1  (XP_007552787.2)
    TRACEY ID   454243  PeFo_use1-X2  (XP_007552788.2)
    TRACEY ID   454244  AsMe_syx16-X3  (XP_007241606.2)
    TRACEY ID   454245  AsMe_syx16-X1  (XP_007241603.2)
    TRACEY ID   454246  AsMe_syx16-X2  (XP_007241604.2)
    TRACEY ID   454247  PaTi_Tom1  (XP_007086941.2)
    TRACEY ID   454248  PaTig_syxbp5-X4  (XP_007086942.2)
    TRACEY ID   454249  RhiRo_syx3-X2  (XP_010383305.2)
    TRACEY ID   454250  BuBu_Syx11  (XP_006075273.3)
    TRACEY ID   454251  BuBu_syx11-X2  (XP_006075274.3)
    TRACEY ID   454252  PhyCa_syx4  (XP_007107480.2)
    TRACEY ID   454253  PhyCa_syx4  (XP_007107479.2)
    TRACEY ID   454254  PeMan_Syx1a  (XP_006971370.2)
    TRACEY ID   454255  CrGi_Syx7  (XP_011422090.3)
    TRACEY ID   454256  CrGi_syx7-X2  (XP_011422089.3)
    TRACEY ID   454257  CrGi_syx7-X1  (XP_011422088.3)
    TRACEY ID   454258  CrGi_syx7-X4  (XP_011422091.3)
    TRACEY ID   454259  PoRe_syx2  (XP_008415702.2)
    TRACEY ID   454260  PoRe_syx2  (XP_008415701.2)
    TRACEY ID   454261  MuDo_Syx17  (XP_005180174.2)
    TRACEY ID   454262  MuDo_vamp2-X1  (XP_005180353.2)
    TRACEY ID   454263  CeBi_Syx18  (XP_011338207.2)
    TRACEY ID   454264  MuDo_syxbp5  (XP_005179391.2)
    TRACEY ID   454265  CapCar_Sec22frag  (XP_010174100.2)
    TRACEY ID   454266  ApFo_Syx1a  (XP_009274651.2)
    TRACEY ID   454267  PiBu_Syx1a  (XP_009901638.2)
    TRACEY ID   454268  CoBr_Syx1a  (XP_008632720.2)
    TRACEY ID   454269  BuBu_Syx19  (XP_006057091.4)
    TRACEY ID   454270  EsLu_Syx3  (XP_010899729.2)
    TRACEY ID   454271  MoPh_Syx17  (XP_012537934.2)
    TRACEY ID   454272  CrGi_Syx16  (XP_011427390.2)
    TRACEY ID   454273  CrGi_syx16-X2  (XP_011427391.2)
    TRACEY ID   454274  EpFu_Ykt6  (XP_008158850.3)
    TRACEY ID   454275  StPu_syx12-X2  (XP_003725861.2)
    TRACEY ID   454276  PeSi_SN23  (XP_006135460.3)
    TRACEY ID   454277  TyAl_Syx19  (XP_009973492.3)
    TRACEY ID   454278  MuDo_Syx20  (XP_005185630.2)
    TRACEY ID   454279  AlMi_SN47  (XP_006272611.2)
    TRACEY ID   454280  SeCa_Tom1  (XP_009091016.2)
    TRACEY ID   454281  MyBr_Syx2  (XP_005873318.2)
    TRACEY ID   454282  MuDo_Syx5  (XP_005184158.2)
    TRACEY ID   454283  PoRe_Use1  (XP_008406173.3)
    TRACEY ID   454284  ThCac_Sec20  (XP_007035296.2)
    TRACEY ID   454285  MuDo_Syx4-like2  (XP_005181734.2)
    TRACEY ID   454286  MuDo_syx4-X1  (XP_005181732.2)
    TRACEY ID   454287  MuDo_syx4-X2  (XP_005181733.2)
    TRACEY ID   454288  LiHu_Eb-like  (XP_012221834.2)
    TRACEY ID   454289  CrGi_Syx1  (XP_011451685.3)
    TRACEY ID   454290  BacCu_Syx17  (XP_011183710.2)
    TRACEY ID   454291  PoRe_Syx1a  (XP_008424026.2)
    TRACEY ID   454292  BalAc_Tom1  (XP_007196963.2)
    TRACEY ID   454293  BaAcu_syxbp5-X2  (XP_007196965.2)
    TRACEY ID   454294  XiMa_Syx18  (XP_005798007.2)
    TRACEY ID   454295  AlMi_Syx8  (XP_006271869.3)
    TRACEY ID   454296  BaAcu_syx3-X4  (XP_007196566.2)
    TRACEY ID   454297  BaAcu_syx3-X3  (XP_007196565.2)
    TRACEY ID   454298  BaAcu_syx3-X1  (XP_007196564.2)
    TRACEY ID   454299  AtRo_Gos28  (XP_012252757.2)
    TRACEY ID   454300  MoPh_Syx4  (XP_012531500.2)
    TRACEY ID   454301  CrGi_syx17  (XP_011441697.3)
    TRACEY ID   454302  AtRo_Sec20  (XP_012255518.2)
    TRACEY ID   454303  CiSi_Ykt61  (XP_006473984.2)
    TRACEY ID   454304  LiHu_SN25  (XP_012231045.2)
    TRACEY ID   454305  CalMi_Sec22like  (XP_007908424.2)
    TRACEY ID   454306  AtRo_Syb1  (XP_012252965.2)
    TRACEY ID   454307  RaNo_Syx2  (NP_001402680.1)
    TRACEY ID   454308  RaNo_syx2  (P50279.2)
    TRACEY ID   454309  RaNo_syx2-1  (NP_036880.2)
    TRACEY ID   454310  RaNo_syx2-X3  (XP_006249315.2)
    TRACEY ID   454311  CalMi_Bet1  (XP_007907448.2)
    TRACEY ID   454312  PoRe_Sec20-2  (XP_008417775.3)
    TRACEY ID   454313  CalMi_Tom2  (XP_007906909.2)
    TRACEY ID   454314  MoPh_Vamp4  (XP_012533303.2)
    TRACEY ID   454315  CrGi_Syx5  (XP_011445169.2)
    TRACEY ID   454316  CrGi_syx5  (XP_011445170.2)
    TRACEY ID   454317  BrMa_Unc64  (CDQ03888.2)
    TRACEY ID   454318  BrMa_syx1-a  (CDQ03887.2)
    TRACEY ID   454319  BrMa_syx1  (CDQ03884.2)
    TRACEY ID   454320  CaAl_sec20p  (XP_719091.2)
    TRACEY ID   454321  MicDe_syx6-X3  (XP_008559608.2)
    TRACEY ID   454322  MicDe_syx6-X1  (XP_008559606.2)
    TRACEY ID   454323  HyMi_Gos28  (CDS26611.2)
    TRACEY ID   454324  ScHa_syx16  (XP_012793031.2)
    TRACEY ID   454325  BaBo_Sec22frag  (XP_001609987.2)
    TRACEY ID   454326  BaBo_Vam3p  (XP_001610184.2)
    TRACEY ID   454327  PlCh_Syx16frag  (XP_740060.2)
    TRACEY ID   454328  BrMa_SN25-hort  (XP_001901835.2)

------------------------------------------------------------
SEQUENCES REPLACED BY A NEW NCBI VERSION
------------------------------------------------------------
  Total replaced sequences: 1715
    TRACEY ID       22  DeHa_Tlg2                       XP_461936.1 → XP_461936.2
    TRACEY ID       23  RaNo_Gs15                       NP_062241.1 → NP_062241.2
    TRACEY ID       26  MuMu_Syx11                      XP_203312.1 → NP_083351
    TRACEY ID       29  PaTr_Syx5                       XP_508504.1 → XP_508504.2
    TRACEY ID   275137  PaTr_Ha.II_1                    XP_508504.2 → XP_508504.3
    TRACEY ID   192195  DrPs_2_doubleSNARE_2_replaced   XP_001357526.1 → XP_001357526.2
    TRACEY ID       76  MuMu_GS15                       NP_061212.2 → NP_061212.3
    TRACEY ID   188328  DrPs_2_R.III_1_replaced         XP_001361378.1 → XP_001361378.2
    TRACEY ID       94  DaRe_Syx5-1_replaced            NP_955924.1 → NP_955924.2
    TRACEY ID       97  AsGo_Use1                       NP_985505.1 → NP_985505.2
    TRACEY ID       38  PaTr_Syx6old                    XP_514037.1 → XP_514037.2
    TRACEY ID   391725  DaRe_R.I_7_replaced             XP_009302162.1 → NP_001315455
    TRACEY ID      124  GaGa_Cellu                      XP_417529.1 → NP_001034578
    TRACEY ID      125  AsGo_Ufe1                       NP_984316.1 → NP_984316.2
    TRACEY ID      131  MuMu_Amisyn                     NP_653135.1 → NP_653135.2
    TRACEY ID      134  AnGa_Use1                       XP_315922.2 → XP_315922.3
    TRACEY ID   197080  AnGa_Qc.I_1_replaced            XP_315922.3 → XP_315922.4
    TRACEY ID      147  DrPs_Use1                       EAL31222.1 → EAL31222.2
    TRACEY ID      148  AsGo_Sed5                       NP_985757.1 → NP_985757.2
    TRACEY ID     2036  AsNi_R.Reg_1_replaced           XP_662494.1 → XP_662494.2
    TRACEY ID      187  AnGa_Syx5                       XP_314876.2 → XP_314876.3
    TRACEY ID      232  GaGa_SN47                       XP_418505.1 → XP_418505.2
    TRACEY ID   207603  GaGa_doubleSNARE_4_replaced     XP_418505.3 → XP_418505.4
    TRACEY ID   281042  GaGa_doubleSNARE_2_replaced     XP_004939149.1 → XP_004939149.2
    TRACEY ID   281051  GaGa_doubleSNARE_1_replaced     XP_004939150.1 → XP_004939150.2
    TRACEY ID   289212  GaGa_doubleSNARE_5              XP_004939148.1 → XP_004939148.2
    TRACEY ID      281  ApMe_Vamp4                      XP_394684.1 → XP_394684.2
    TRACEY ID      282  CaEl_Syx4                       NP_501439.1 → NP_501439.2
    TRACEY ID      289  RaNo_Syb1                       NP_037222.1 → NP_037222.2
    TRACEY ID      291  DeHa_Sec9                       XP_461178.1 → XP_461178.2
    TRACEY ID      313  PaTr_SN47                       XP_514251.1 → XP_514251.2
    TRACEY ID   204119  PaTr_doubleSNARE_6              XP_003308840.1 → XP_003308840.2
    TRACEY ID     2692  ArTh_Vamp726part_replaced       D44088 → P47192
    TRACEY ID      323  SaCe_12_Snc2                    NP_014972.1 → NP_014972.2
    TRACEY ID     1850  CaAl_doubleSNARE_1_replaced     XP_714323.1 → XP_714323.2
    TRACEY ID   405463  CaAl_SNAP_1_replaced            Q59XP0.1 → Q59XP0.2
    TRACEY ID      333  RaNo_Use1                       XP_214304.2 → XP_214304.3
    TRACEY ID     2195  RaNo_Use1a-2                    XP_214304.3 → XP_214304.4
    TRACEY ID     1132  RaNo_Use1b                      XP_214765.1 → XP_214765.2
    TRACEY ID     2187  RaNo_Use1b-2                    XP_214765.2 → XP_214765.3
    TRACEY ID      354  DaRe_Syx13_replaced             NP_001002051.1 → NP_001002051.2
    TRACEY ID   376333  DaRe_Qa.IV_7_replaced           XP_009292403.1 → NP_001430388
    TRACEY ID      385  YaLi_Vam7_replaced              XP_501902.1 → XP_501902.2
    TRACEY ID      397  ArTh_Tom2                       NP_195281.1 → NP_195281.2
    TRACEY ID      403  HoSa_Sec22                      NP_004883.1 → NP_004883.2
    TRACEY ID        4  DaRe_SN25.2_replaced            NP_571509.1 → NP_571509.2
    TRACEY ID      447  AsGo_Bos1                       NP_983188.1 → NP_983188.2
    TRACEY ID   210323  AsGo_Qb.II_3_replaced           Q75CY3.1 → Q75CY3.2
    TRACEY ID      453  GaGa_Syx17                      XP_419080.1 → NP_001026180
    TRACEY ID     2046  GaGa_QaIIIa_2_replaced          NP_001026180.1 → NP_001026180.2
    TRACEY ID      460  CaEl_Vamp7                      NP_500232.2 → NP_500232.3
    TRACEY ID      279  GaGa_QcIII_1                    XP_415590.1 → NP_001025869
    TRACEY ID     2053  GaGa_Qc.III_1_replaced          NP_001025869.1 → NP_001025869.2
    TRACEY ID      509  DeHa_Sec22                      XP_460999.1 → XP_460999.2
    TRACEY ID      545  MaGr_Tom                        XP_368318.1 → XP_368318.2
    TRACEY ID   398061  MuMu_Qa.IV_20_replaced          XP_006512864.1 → NP_001415879
    TRACEY ID   398062  MuMu_Qa.IV_14_replaced          XP_006512863.1 → NP_001345492
    TRACEY ID     2401  HoSa_Syx10-3                    JC5922 → O60499
    TRACEY ID      564  ApMe_Syx6                       XP_393125.1 → XP_393125.2
    TRACEY ID     2123  NeCr_Qa.I_1                     XP_962455.1 → XP_962455.2
    TRACEY ID      582  GaGa_Syx2                       XP_415095.1 → NP_001073181
    TRACEY ID      591  AsGo_Nyv1                       NP_986719.1 → NP_986719.2
    TRACEY ID      594  YaLi_Gos1_replaced              XP_503187.1 → XP_503187.2
    TRACEY ID      601  RaNo_Syx5                       NP_113892.1 → NP_113892.2
    TRACEY ID      802  NeCr_1_Bet1a_old_replaced       T49823 → Q9P535
    TRACEY ID   203945  NeCr_Qc.II_2                    XP_957164.1 → XP_957164.2
    TRACEY ID     2024  CaAl_QcIII_4_replaced           XP_713244.1 → XP_713244.2
    TRACEY ID      644  DeHa_Vam7                       XP_456681.1 → XP_456681.2
    TRACEY ID     2455  ArTh_Npsn11-2_replaced          F84765 → Q944A9
    TRACEY ID      660  AsGo_Vam3                       NP_985318.1 → NP_985318.2
    TRACEY ID      677  DeHa_Use1                       XP_457896.1 → XP_457896.2
    TRACEY ID     2383  HoSa_syn3a-2                    6175045 → Q13277.3
    TRACEY ID   331977  HoSa_Ha.IV.Syx_5_replaced       XP_005274252.1 → NP_001427451
    TRACEY ID   333904  HoSa_Ha.IV.Syx_16_replaced      XP_005274255.1 → NP_001427455
    TRACEY ID   192713  GaGa_Qa.I_1_replaced            NP_001239087.1 → NP_001239087.2
    TRACEY ID      709  SaCe_12_Bet1                    NP_012262.1 → NP_012262.2
    TRACEY ID      718  DeHa_Pep12                      XP_461901.1 → XP_461901.2
    TRACEY ID      731  CrNe_Tom_replaced               XP_570778.1 → XP_570778.2
    TRACEY ID       48  GaGa_GS15-2                     XP_420917.1 → NP_001026344
    TRACEY ID      747  DrPs_Bet1                       EAL30436.1 → EAL30436.2
    TRACEY ID      761  ApMe_Syx1                       XP_393760.1 → XP_393760.2
    TRACEY ID     2759  ApMe_Syx1_d1                    XP_393760.2 → XP_393760.3
    TRACEY ID      764  YaLi_Nyv1_replaced              XP_500476.1 → XP_500476.2
    TRACEY ID      768  DeHa_Syx8                       XP_456871.1 → XP_456871.2
    TRACEY ID     1247  RaNo_Syn1b_old                  XP_346562.1 → NP_036832
    TRACEY ID      804  YaLi_SsoA_replaced              XP_504300.1 → XP_504300.2
    TRACEY ID      811  DaRe_Syx17_replaced             NP_001007450.1 → NP_001007450.2
    TRACEY ID      837  GaGa_Gos28_replaced             NP_001006222.1 → NP_001006222.2
    TRACEY ID      840  GaGa_SN29                       XP_415061.1 → NP_001025823
    TRACEY ID     2107  GaGa_SNAP25_2_replaced          NP_001025823.1 → NP_001025823.2
    TRACEY ID      843  AnGa_Syb                        XP_308156.2 → XP_308156.3
    TRACEY ID      867  ApMe_Sec22                      XP_396838.1 → XP_396838.2
    TRACEY ID      875  DrPs_Syx17                      EAL30132.1 → EAL30132.2
    TRACEY ID   203070  DrPs_2_Qa.III.b_3_replaced      XP_001352634.1 → XP_001352634.2
    TRACEY ID     1711  MuMu_QaIV_10                    BAB32182.2 → BAB32182.3
    TRACEY ID      929  DrPs_Syx4                       EAL31703.1 → EAL31703.2
    TRACEY ID   187354  DrPs_2_Syx4_replaced            XP_001354648.2 → XP_001354648.3
    TRACEY ID      986  AsGo_Gos1                       NP_983337.1 → NP_983337.2
    TRACEY ID      988  DeHa_Ufe1                       XP_457831.1 → XP_457831.2
    TRACEY ID      991  ApMe_SN25                       XP_394588.1 → XP_394588.2
    TRACEY ID     2208  ApMe_SN25-2                     XP_394588.2 → XP_394588.3
    TRACEY ID   389768  MuMu_R.III_13_replaced          XP_006496999.1 → NP_001343455
    TRACEY ID   397726  MuMu_R.III_14_replaced          XP_006496997.1 → NP_001343456
    TRACEY ID   397727  MuMu_R.III_16_replaced          XP_006496998.1 → NP_001334054
    TRACEY ID     1027  SaCe_12_Sec9                    NP_011523.1 → NP_011523.2
    TRACEY ID     2373  HoSa_Syx2-2                     P32856.2 → P32856.3
    TRACEY ID   334818  HoSa_Ha.IV.Syx_15_replaced      XP_005253614.1 → NP_001337978
    TRACEY ID     1055  AsGo_Sec22                      NP_986933.1 → NP_986933.2
    TRACEY ID   211552  AsGo_Sec22_1_2_replaced         Q74ZD2.1 → Q74ZD2.2
    TRACEY ID     1058  DrPs_Syx1                       EAL27950.1 → EAL27950.2
    TRACEY ID   196152  DrPs_2_Syx1_replaced            XP_001358807.2 → XP_001358807.3
    TRACEY ID     1622  GaGa_RIII_1                     XP_420275.1 → NP_001026292
    TRACEY ID     1171  DrMe_nsyb_d                     NP_728646.1 → NP_728646.2
    TRACEY ID     1068  GaGa_Syx1b                      NP_990405.1 → NP_990405.2
    TRACEY ID     1078  GaGa_Use1                       XP_418251.1 → NP_001026110
    TRACEY ID     1122  ApMe_Gos28                      XP_397354.1 → XP_397354.2
    TRACEY ID     1146  GaGa_Syb2                       XP_422640.1 → XP_422640.2
    TRACEY ID     1190  GaGa_Bet1                       XP_418664.1 → NP_001186607
    TRACEY ID     1198  ApMe_Syx17                      XP_394196.1 → XP_394196.2
    TRACEY ID     2224  ApMe_Syx17-2                    XP_394196.2 → XP_394196.3
    TRACEY ID     1870  NeCr_Qc.III_1                   XP_961565.1 → XP_961565.2
    TRACEY ID     1215  SaCe_12_Tlg1                    NP_010756.1 → NP_010756.2
    TRACEY ID      668  MuMu_RIV_3_replaced             AAH39745.1 → AAH39745.2
    TRACEY ID     1244  DaRe_GS15_replaced              NP_001003998.1 → NP_001003998.2
    TRACEY ID     2090  NeCr_R.II_1                     XP_959001.1 → XP_959001.2
    TRACEY ID     1267  RaNo_Sec22b                     XP_227499.1 → NP_001020857
    TRACEY ID     2116  NeCr_doubleSNARE_1              XP_964678.1 → XP_964678.2
    TRACEY ID     1293  GaGa_Sec20                      XP_414533.1 → XP_414533.2
    TRACEY ID   198571  GaGa_Qb.I_1_replaced            XP_414533.2 → XP_414533.3
    TRACEY ID     1903  NeCr_Qa.II_1                    XP_965538.1 → XP_965538.2
    TRACEY ID   207560  NeCr_Sed5                       XP_965538.2 → XP_965538.3
    TRACEY ID     1991  EnHi_Qa.IV_7                    XP_656700.1 → XP_656700.2
    TRACEY ID     1313  PaTr_Tom2                       XP_516678.1 → XP_516678.2
    TRACEY ID     1321  GaGa_amisyn                     XP_421218.1 → NP_001186640
    TRACEY ID     1443  CrNe_RIII_1_replaced            XP_566592.1 → XP_566592.2
    TRACEY ID     1348  ApMe_Bet1_replaced              XP_394351.1 → XP_394351.2
    TRACEY ID     1350  GaGa_Sec22                      XP_422221.1 → NP_001026437
    TRACEY ID     1358  DrPs_Gos28                      EAL27666.1 → EAL27666.2
    TRACEY ID     1362  DeHa_Sed5                       XP_458847.1 → XP_458847.2
    TRACEY ID     1367  YaLi_Use1_replaced              XP_502100.1 → XP_502100.2
    TRACEY ID     1371  AnGa_Memb_replaced              EAA06044.1 → EAA06044.2
    TRACEY ID     1404  CaEl_SN30                       NP_508641.1 → NP_508641.2
    TRACEY ID     1417  RaNo_SN29                       NP_446262.2 → NP_446262.3
    TRACEY ID     1419  DeHa_Vam3                       XP_460865.1 → XP_460865.2
    TRACEY ID     2100  EnHi_SNAP25_3                   XP_649793.1 → XP_649793.2
    TRACEY ID     1458  SaCe_12_Sec20                   NP_010786.1 → NP_010786.2
    TRACEY ID     1462  SaCe_12_Sft1                    NP_012919.1 → NP_012919.2
    TRACEY ID   259352  DaRe_R.IV_5                     XP_005155962.1 → NP_001002073
    TRACEY ID   398415  RaNo_R.III_10                   XP_006249078.1 → NP_445983
    TRACEY ID     1472  GaGa_Syx20                      XP_418416.1 → XP_418416.2
    TRACEY ID   387130  MuMu_R.III_17_replaced          XP_006535919.1 → NP_001346080
    TRACEY ID     1503  RaNo_Syx4_replaced              NP_112387.1 → NP_112387.2
    TRACEY ID     1519  HoSa_Use1_replaced              NP_060937.1 → NP_060937.2
    TRACEY ID     1540  DrMe_Use1                       NP_648289.1 → NP_648289.2
    TRACEY ID     1541  RaNo_Tom2                       XP_221424.2 → XP_221424.3
    TRACEY ID     2194  RaNo_Tom2-2                     XP_221424.3 → XP_221424.4
    TRACEY ID     1546  HoSa_Tom2                       XP_045911.7 → XP_045911.8
    TRACEY ID     1224  HoSa_RV_7_replaced              BAA76850.1 → BAA76850.2
    TRACEY ID   278049  HoSa_R.Reg_3                    XP_005247964.1 → NP_001295259
    TRACEY ID     1547  YaLi_Sec9_replaced              XP_504102.1 → XP_504102.2
    TRACEY ID     1557  AnGa_Syx17                      XP_315698.2 → XP_315698.3
    TRACEY ID   196995  AnGa_Qa.III.b_2_replaced        XP_315698.4 → XP_315698.5
    TRACEY ID     1558  DeHa_Gos1                       XP_462583.1 → XP_462583.2
    TRACEY ID     1561  DeHa_Bet1                       XP_457361.1 → XP_457361.2
    TRACEY ID     2457  CaEl_Stx1-2_replaced            T16252 → Q20024
    TRACEY ID   189588  DrPs_2_R.I_1_replaced           XP_001354483.1 → XP_001354483.2
    TRACEY ID     1598  DrPs_Syx18                      EAL28585.1 → EAL28585.2
    TRACEY ID   185980  DrPs_2_Syx18_replaced           XP_001359439.2 → XP_001359439.3
    TRACEY ID   187727  DrPs_2_Qb.III.b_1_replaced      XP_001352798.1 → XP_001352798.2
    TRACEY ID     1636  DrPs_Syb                        EAL25378.1 → EAL25378.2
    TRACEY ID     1638  DaRe_Syx3_replaced              NP_956837.1 → NP_956837.2
    TRACEY ID   298936  DaRe_Ha.IV.Syx_6                XP_005173167.1 → XP_005173167.2
    TRACEY ID     1647  DrMe_Tom                        NP_727628.2 → NP_727628.3
    TRACEY ID      984  DrMe_RV_3                       NP_727630.2 → NP_727630.3
    TRACEY ID   204493  DrMe_R.Reg_5                    NP_001162736.1 → NP_001162736.2
    TRACEY ID     1925  NeCr_R.IV_1                     XP_964727.1 → XP_964727.2
    TRACEY ID     1653  MuMu_Syx5                       NP_062803.3 → NP_062803.4
    TRACEY ID     2763  ArTh_Syp61_d                    NP_001031102.1 → NP_001031102.2
    TRACEY ID     1678  RaNo_Syx13                      NP_075228.1 → NP_075228.2
    TRACEY ID     2464  DrMe_Syx6-2_replaced            AAX33547.1 → AAX33547.2
    TRACEY ID     1697  ScPo_Sec22                      NP_596218.1 → NP_596218.2
    TRACEY ID     1715  YaLi_Ufe1_replaced              XP_501696.1 → XP_501696.2
    TRACEY ID     1719  GaGa_SN23                       XP_421159.1 → NP_001186595
    TRACEY ID     1724  RaNo_Syx11                      XP_218092.2 → NP_001020809
    TRACEY ID   191944  RaNo_Syx11-2                    NP_001020809.1 → NP_001020809.2
    TRACEY ID     1801  StPu_Use1                       XP_787597.1 → XP_787597.2
    TRACEY ID   199741  StPu_doubleSNARE_3              XP_003728907.1 → XP_003728907.2
    TRACEY ID     1804  StPu_SN29                       XP_782713.1 → XP_782713.2
    TRACEY ID     1805  ApMe_Vti1a                      XP_623763.1 → XP_623763.2
    TRACEY ID     1806  StPu_Memb                       XP_794856.1 → XP_794856.2
    TRACEY ID     1807  StPu_Gos28                      XP_797717.1 → XP_797717.2
    TRACEY ID     1808  StPu_Vamp7                      XP_795809.1 → XP_795809.2
    TRACEY ID     1819  StPu_Syx6                       XP_780210.1 → XP_780210.2
    TRACEY ID     2060  PaTr_cellu                      XP_514347.1 → XP_514347.2
    TRACEY ID     2183  RaNo_Vamp4                      XP_344169.2 → NP_001102326
    TRACEY ID     1275  RaNo_VAMP4*                     XP_344169.1 → XP_344169.2
    TRACEY ID   389766  RaNo_R.III_11                   XP_006250248.1 → NP_001102326
    TRACEY ID   393544  RaNo_R.III_9_replaced           XP_006250246.1 → NP_001416818
    TRACEY ID     2214  ApMe_Syx20                      XP_623620.1 → XP_623620.2
    TRACEY ID     2219  ApMe_Syx5_replaced              XP_624500.1 → XP_624500.2
    TRACEY ID     2241  BoTa_Syb1                       XP_591330.2 → NP_001069098
    TRACEY ID     2252  BoTa_SN29                       XP_610773.2 → NP_001069427
    TRACEY ID     2255  BoTa_cellu                      XP_581657.1 → NP_001039380
    TRACEY ID     2294  BoTa_cellu-p                    XP_877170.1 → NP_001039380
    TRACEY ID     2257  BoTa_Memb                       XP_582615.2 → XP_582615.3
    TRACEY ID     2265  BoTa_Sec20                      XP_870526.1 → NP_001040004
    TRACEY ID     2266  BoTa_Sec20-2                    XP_880956.1 → NP_001040004
    TRACEY ID     2291  BoTa_Sec20-3                    XP_880890.1 → NP_001040004
    TRACEY ID     2301  BoTa_Sec20-4                    XP_881037.1 → NP_001040004
    TRACEY ID     2303  BoTa_Sec20-5                    XP_881102.1 → NP_001040004
    TRACEY ID     2272  BoTa_Amisyn                     XP_614585.2 → NP_001069506
    TRACEY ID     2281  BoTa_Use1                       XP_886012.1 → NP_001069052
    TRACEY ID     2242  BoTa_Use1-1                     XP_885915.1 → NP_001069052
    TRACEY ID     2243  BoTa_Use1-2                     XP_885954.1 → NP_001069052
    TRACEY ID     2247  BoTa_Use1-3                     XP_590492.1 → NP_001069052
    TRACEY ID     2277  BoTa_Use1-4                     XP_885862.1 → NP_001069052
    TRACEY ID     2300  BoTa_Use1-7                     XP_872910.1 → NP_001069052
    TRACEY ID   341629  BoTa_Ha.IV.Syx_11_replaced      XP_005224932.1 → XP_005224932.2
    TRACEY ID   377930  BoTa_Syx1_6_replaced            XP_010817705.1 → XP_010817705.2
    TRACEY ID     2287  BoTa_Bet1                       XP_873653.1 → XP_873653.2
    TRACEY ID     2290  BoTa_Syx18                      XP_870598.1 → XP_870598.2
    TRACEY ID     2308  CaFa_Syx1b                      XP_547038.2 → XP_547038.3
    TRACEY ID     2340  CaFa_Use1-3                     XP_852454.1 → XP_852454.2
    TRACEY ID   197032  CaFa_Qc.I_1                     XP_003432947.1 → XP_003432947.2
    TRACEY ID      275  CaFa_SN29-old                   XP_543568.1 → XP_543568.2
    TRACEY ID     2315  CaFa_Syx6                       XP_547423.2 → XP_547423.3
    TRACEY ID     1534  CaFa_Syx6-old                   XP_547423.1 → XP_547423.2
    TRACEY ID     2316  CaFa_Syb2                       XP_536630.2 → XP_536630.3
    TRACEY ID     1109  CaFa_Syx8-old                   XP_536638.1 → XP_536638.2
    TRACEY ID     2319  CaFa_Vamp7                      XP_855489.1 → XP_855489.2
    TRACEY ID   193476  CaFa_R.III_2                    XP_855489.2 → XP_855489.3
    TRACEY ID      878  CaFa_Syx7-old                   XP_541104.1 → XP_541104.2
    TRACEY ID     2324  CaFa_SN47                       XP_532413.2 → XP_532413.3
    TRACEY ID      380  CaFa_SN46-old                   XP_532413.1 → XP_532413.2
    TRACEY ID      538  CaFa_Syx5-old                   XP_540900.1 → XP_540900.2
    TRACEY ID       39  CaFa_Syx10-5                    XP_533896.1 → XP_533896.2
    TRACEY ID     2329  CaFa_Syb1                       XP_543853.2 → XP_543853.3
    TRACEY ID      207  CaFa_Syb1-old                   XP_543853.1 → XP_543853.2
    TRACEY ID      681  CaFa_Syx4-old                   XP_547039.1 → XP_547039.2
    TRACEY ID      892  CaFa_Syx17-old                  XP_538752.1 → XP_538752.2
    TRACEY ID     1538  CaFa_GS15-old                   XP_540512.1 → XP_540512.2
    TRACEY ID      891  CaFa_RIV_1_replaced             XP_532978.1 → XP_532978.2
    TRACEY ID     2346  CaFa_Syx20                      XP_539185.2 → XP_539185.3
    TRACEY ID     2349  CaFa_Tom1                       XP_533442.2 → XP_533442.3
    TRACEY ID      530  CaFa_Tom-old                    XP_533442.1 → XP_533442.2
    TRACEY ID     1155  CaFa_Myob-old                   XP_539938.1 → XP_539938.2
    TRACEY ID     2354  CaFa_Gos28                      XP_548305.2 → XP_548305.3
    TRACEY ID     1640  CaFa_Gos28-old                  XP_548305.1 → XP_548305.2
    TRACEY ID     1134  CaFa_Syx2-old                   XP_534637.1 → XP_534637.2
    TRACEY ID     2423  DaRe_Myob                       XP_698536.1 → NP_001243535
    TRACEY ID     1296  DaRe_SN25b_2                    NP_001004631.1 → NP_001004631.2
    TRACEY ID     2426  DaRe_Qc1-2                      NP_001004631.2 → NP_001020729
    TRACEY ID     1422  ArTh_QcIII8                     NP_683311.1 → NP_683311.2
    TRACEY ID     2520  OrSa_vamp714                    ABB46772.1 → ABB46772.2
    TRACEY ID     2551  OrSa_vamp71-4-3_replaced        ABB46773.1 → ABB46773.2
    TRACEY ID     2550  XeTr_Endob                      NP_001016285.1 → NP_001016285.2
    TRACEY ID     2725  BoTa_SN25a                      XP_869154.1 → NP_001069714
    TRACEY ID     1945  BoTa_SNAP25_1                   XP_613437.2 → NP_001069714
    TRACEY ID     2263  BoTa_SN25part                   XP_877067.1 → NP_001069714
    TRACEY ID     2302  BoTa_SN25par                    XP_876603.1 → NP_001069714
    TRACEY ID     2726  BoTa_SN25b                      XP_876681.1 → NP_001069714
    TRACEY ID     2760  ApMe_Sec20                      XP_624535.1 → XP_624535.2
    TRACEY ID     3096  TrCa_Syx1                       XP_970205.1 → NP_001164125
    TRACEY ID     3097  TrCa_Sec20                      XP_970811.1 → XP_970811.2
    TRACEY ID   390008  TrCa_Sec20_1_replaced           XP_970811.2 → XP_970811.3
    TRACEY ID   221858  TrCa_Qb.III.b_1_replaced        EFA08782.1 → EFA08782.2
    TRACEY ID   223649  TrCa_doubleSNARE_2_replaced     EFA07177.1 → EFA07177.2
    TRACEY ID   223712  TrCa_Qa.III.a_1_replaced        EFA06921.1 → EFA06921.2
    TRACEY ID   380830  TrCa_Syp4-plants_1_replaced     XP_008195725.1 → XP_008195725.2
    TRACEY ID     3114  TrCa_Syx17_replaced             XP_972784.1 → XP_972784.2
    TRACEY ID     3117  TrCa_Tom                        XP_968585.1 → XP_968585.2
    TRACEY ID     3186  TeTh_1_Syx8_replaced            EAS07140.1 → EAS07140.2
    TRACEY ID     3187  TeTh_1_QcIII-2                  EAS04326.1 → EAS04326.2
    TRACEY ID   199438  TeTh_Syx83                      XP_001024571.1 → XP_001024571.2
    TRACEY ID     3225  TeTh_1_Syb9_replaced            EAS02424.1 → EAS02424.2
    TRACEY ID     3233  TeTh_1_Vamp711                  EAS01495.1 → EAS01495.2
    TRACEY ID   190362  TeTh_Vamp711                    XP_001021741.1 → XP_001021741.2
    TRACEY ID     3238  TeTh_1_Vamp713                  EAR94655.1 → EAR94655.2
    TRACEY ID   192818  TeTh_Vamp713                    XP_001014686.1 → XP_001014686.2
    TRACEY ID     3240  TeTh_1_SyxPM3_replaced          EAR88613.1 → EAR88613.2
    TRACEY ID     3242  TeTh_1_Syb10                    EAR84723.1 → EAR84723.2
    TRACEY ID   186525  TeTh_Syb10                      XP_001032386.1 → XP_001032386.2
    TRACEY ID     3243  TeTh_1_Syx16                    EAR84780.1 → EAR84780.2
    TRACEY ID   194367  TeTh_Syx16                      XP_001032443.2 → XP_001032443.3
    TRACEY ID     3245  TeTh_1_SyxPM4                   EAR86995.1 → EAR86995.2
    TRACEY ID   195790  TeTh_SyxPM4                     XP_001007240.1 → XP_001007240.2
    TRACEY ID     3246  TeTh_1_Vamp714                  EAR88183.1 → EAR88183.2
    TRACEY ID   194599  TeTh_Vamp714                    XP_001008428.1 → XP_001008428.2
    TRACEY ID     3249  TeTh_1_SyxPM5_replaced          EAR95722.1 → EAR95722.2
    TRACEY ID   191050  TeTh_SyxPM5_replaced            XP_001015967.1 → XP_001015967.2
    TRACEY ID     3336  TeTh_1_SN25                     EAS07832.1 → EAS07832.2
    TRACEY ID   196703  TeTh_SN25                       XP_001028074.1 → XP_001028074.2
    TRACEY ID     3596  TeTh_1_SyxPM6                   EAS02143.1 → EAS02143.2
    TRACEY ID   190914  TeTh_SyxPM6                     XP_001022388.1 → XP_001022388.2
    TRACEY ID     3634  TeTh_1_Syb11                    EAR85101.1 → EAR85101.2
    TRACEY ID   185752  TeTh_Syb11                      XP_001032764.1 → XP_001032764.2
    TRACEY ID     3642  TeTh_1_Qb1                      EAS06069.1 → EAS06069.2
    TRACEY ID   196985  TeTh_Vti111                     XP_001026314.1 → XP_001026314.2
    TRACEY ID     3645  TeTh_1_Vti1like_replaced        EAR82089.1 → EAR82089.2
    TRACEY ID   186672  TeTh_Vti1like_replaced          XP_001029752.1 → XP_001029752.2
    TRACEY ID     3648  TeTh_1_Syx7                     EAR82748.1 → EAR82748.2
    TRACEY ID   187948  TeTh_Syx7                       XP_001030411.1 → XP_001030411.2
    TRACEY ID   206729  PlFa_Qb.III.b_1_replaced        XP_002808624.1 → XP_002808624.2
    TRACEY ID     3805  PlYo_Syx18_replaced             XP_729048.1 → XP_729048.2
    TRACEY ID     4297  PlCh_Npsn2_replaced             XP_741922.1 → XP_741922.2
    TRACEY ID     4298  PlYo_Npsn2_replaced             XP_724493.1 → XP_724493.2
    TRACEY ID     4374  TeTh_1_Qb2                      EAS07701.1 → EAS07701.2
    TRACEY ID   197041  TeTh_Vti112                     XP_001027943.1 → XP_001027943.2
    TRACEY ID     4379  TeTh_1_SyxPM7                   EAR92148.1 → EAR92148.2
    TRACEY ID   195735  TeTh_SyxPM7                     XP_001012393.2 → XP_001012393.3
    TRACEY ID     4469  GaGa_Syx1a                      XP_001233551.1 → XP_001233551.2
    TRACEY ID   198866  GaGa_Qa.IV_3                    XP_003642424.1 → XP_003642424.2
    TRACEY ID     4499  GaGa_Vti1a                      XP_001233060.1 → NP_001264330
    TRACEY ID   196150  GaGa_Qb.III.b_1                 XP_001233034.1 → NP_001264330
    TRACEY ID   380046  MuMu_Qa.I_1_replaced            XP_006504174.1 → NP_001346327
    TRACEY ID       27  GaGa_Syx13old_replaced          XP_417710.1 → XP_417710.2
    TRACEY ID     4526  MoDo_SN47                       XP_001376302.1 → XP_001376302.2
    TRACEY ID     4527  MoDo_Endob                      XP_001379651.1 → XP_001379651.2
    TRACEY ID     4528  MoDo_Syx7                       XP_001380430.1 → XP_001380430.2
    TRACEY ID     4530  MoDo_Vamp7                      XP_001375681.1 → XP_001375681.2
    TRACEY ID     4565  MoDo_SN23-2                     XP_001362502.1 → XP_001362502.2
    TRACEY ID     4537  MoDo_Syx3                       XP_001378222.1 → XP_001378222.2
    TRACEY ID     4542  MoDo_Syx18                      XP_001364357.1 → XP_001364357.2
    TRACEY ID   379661  MoDo_Ufe1_2_replaced            XP_001364357.2 → XP_001364357.3
    TRACEY ID   379666  MoDo_Ufe1_1_replaced            XP_007496804.1 → XP_007496804.2
    TRACEY ID   392831  MoDo_Npsn_5_replaced            XP_007479064.1 → XP_007479064.2
    TRACEY ID     4544  MoDo_Syx1a                      XP_001379278.1 → XP_001379278.2
    TRACEY ID     4550  MoDo_Use1                       XP_001369864.1 → XP_001369864.2
    TRACEY ID     4551  MoDo_Syb1                       XP_001369097.1 → XP_001369097.2
    TRACEY ID     4552  MoDo_Syx8                       XP_001366975.1 → XP_001366975.2
    TRACEY ID     4554  MoDo_Memb                       XP_001375842.1 → XP_001375842.2
    TRACEY ID     4555  MoDo_Vti1b                      XP_001378402.1 → XP_001378402.2
    TRACEY ID     4560  MoDo_Syx1b                      XP_001372030.1 → XP_001372030.2
    TRACEY ID     4561  MoDo_Syb2                       XP_001368703.1 → XP_001368703.2
    TRACEY ID   197094  MoDo_R.Reg_2                    XP_003341247.1 → XP_003341247.2
    TRACEY ID     1274  PaTr_Syx16old                   XP_514749.1 → XP_514749.2
    TRACEY ID      933  PaTr_Syx17old                   XP_528364.1 → XP_528364.2
    TRACEY ID   399136  PaTr_Syx1_13                    XP_009444185.1 → XP_009444185.2
    TRACEY ID     4574  PaTr_Syx1a                      XP_001146754.1 → XP_001146754.2
    TRACEY ID       30  PaTr_Syb4old                    XP_513997.1 → XP_513997.2
    TRACEY ID     4581  PaTr_Myob                       XP_525803.2 → XP_525803.3
    TRACEY ID     4584  PaTr_Gos28                      XP_511386.2 → XP_511386.3
    TRACEY ID      903  PaTr_Gos28old                   XP_511386.1 → XP_511386.2
    TRACEY ID     1295  PaTr_Membold                    XP_511625.1 → XP_511625.2
    TRACEY ID      676  PaTr_SN29old                    XP_514997.1 → XP_514997.2
    TRACEY ID     1020  PaTr_Syx13old                   XP_513249.1 → XP_513249.2
    TRACEY ID     4590  RaNo_Syx16                      XP_342596.3 → NP_001102080
    TRACEY ID      151  RaNo_Syx16old                   XP_342596.1 → XP_342596.2
    TRACEY ID     2143  RaNo_syx16-2                    XP_342596.2 → XP_342596.3
    TRACEY ID     2279  BoTa_Syx6old                    XP_611366.2 → XP_611366.3
    TRACEY ID     4592  GaGa_Ykt6                       XP_427931.2 → NP_001107216
    TRACEY ID     1555  GaGa_Ykt6old                    XP_427931.1 → XP_427931.2
    TRACEY ID     4593  GaGa_Memb                       XP_418096.2 → NP_001074333
    TRACEY ID     1665  GaGa_Memb-old                   XP_418096.1 → XP_418096.2
    TRACEY ID     4595  GaGa_Tom2                       XP_416550.2 → XP_416550.3
    TRACEY ID   207974  GaGa_R.Reg_4_replaced           XP_416550.3 → XP_416550.4
    TRACEY ID     1185  GaGa_Tom2-old                   XP_416550.1 → XP_416550.2
    TRACEY ID     1272  GaGa_Syb1old                    XP_416498.1 → NP_001034575
    TRACEY ID      278  GaGa_Syx11old                   XP_426154.1 → XP_426154.2
    TRACEY ID     4649  RaNo_Amisyn                     XP_343058.3 → XP_343058.4
    TRACEY ID      980  RaNo_Amisyn-old                 XP_343058.1 → XP_343058.2
    TRACEY ID     2717  RaNo_amisyn-2                   XP_343058.2 → XP_343058.3
    TRACEY ID     6605  MaMu_Amisyn                     XP_001105530.1 → XP_001105530.2
    TRACEY ID     6606  MaMu_Bet1                       XP_001098215.1 → NP_001247657
    TRACEY ID     6607  MaMu_Cellub                     XP_001095950.1 → NP_001248297
    TRACEY ID     6608  MaMu_Endob                      XP_001086599.1 → NP_001244718
    TRACEY ID     6609  MaMu_GS15                       XP_001082878.1 → NP_001244540
    TRACEY ID     6610  MaMu_Memb                       XP_001115716.1 → NP_001244707
    TRACEY ID     6611  MaMu_Myob                       XP_001084103.1 → XP_001084103.2
    TRACEY ID     6613  MaMu_Sec22                      XP_001114286.1 → NP_001248258
    TRACEY ID     6614  MaMu_SN23                       XP_001105155.1 → NP_001248267
    TRACEY ID     6616  MaMu_SN29                       XP_001086227.1 → NP_001248290
    TRACEY ID   206730  MaMu_doubleSNARE_4_replaced     XP_001087289.2 → XP_001087289.3
    TRACEY ID     6618  MaMu_Syb1                       XP_001118247.1 → NP_001248260
    TRACEY ID     6620  MaMu_Syx10                      XP_001110927.1 → NP_001248622
    TRACEY ID     6621  MaMu_Syx11                      XP_001087826.1 → NP_001247760
    TRACEY ID     6622  MaMu_Syx13                      XP_001112101.1 → NP_001252827
    TRACEY ID     6623  MaMu_Syx16                      XP_001084730.1 → NP_001244580
    TRACEY ID     6625  MaMu_Syx18                      XP_001094903.1 → NP_001247460
    TRACEY ID     6629  MaMu_Syx20                      XP_001089591.1 → XP_001089591.2
    TRACEY ID     6630  MaMu_Syx3                       XP_001089614.1 → XP_001089614.2
    TRACEY ID     6632  MaMu_Syx6                       XP_001114975.1 → NP_001248229
    TRACEY ID     6634  MaMu_Syx8                       XP_001113412.1 → NP_001252683
    TRACEY ID     6635  MaMu_Use1                       XP_001113229.1 → NP_001244850
    TRACEY ID     6636  MaMu_Vamp4                      XP_001100000.1 → XP_001100000.2
    TRACEY ID     6638  MaMu_Vti1b                      XP_001107598.1 → NP_001253288
    TRACEY ID     6639  MaMu_Ykt6                       XP_001092567.1 → NP_001253469
    TRACEY ID   205518  MaMu_Ykt6_2                     XP_001092856.2 → XP_001092856.3
    TRACEY ID     6672  PhNo_Syx8_replaced              EAT85859.1 → EAT85859.2
    TRACEY ID     6673  PhNo_Tlg1_replaced              EAT77130.1 → EAT77130.2
    TRACEY ID     6744  PiSt_Sft1                       XP_001385538.1 → XP_001385538.2
    TRACEY ID   184572  AsOr_Ufe1_replaced              XP_001826272.2 → XP_001826272.3
    TRACEY ID   184464  AsOr_SsoA_replaced              XP_001827327.2 → XP_001827327.3
    TRACEY ID     7617  ApMe_Syx4                       XP_001122311.1 → XP_001122311.2
    TRACEY ID     7630  PaTr_Syx20                      XP_519987.2 → XP_519987.3
    TRACEY ID   186162  PaTr_Qa.III.b_1                 XP_519987.3 → XP_519987.4
    TRACEY ID     7801  EqCa_Bet1                       XP_001492952.1 → NP_001296200
    TRACEY ID     7826  EqCa_Syx16-3                    XP_001490728.1 → XP_001490728.2
    TRACEY ID     7831  EqCa_Gos28-2                    XP_001504303.1 → NP_001288175
    TRACEY ID     7804  EqCa_Syb1                       XP_001492272.1 → XP_001492272.2
    TRACEY ID     7812  EqCa_Syx8                       XP_001503287.1 → XP_001503287.2
    TRACEY ID   189276  EqCa_Qc.III.c_1_replaced        XP_001503287.2 → XP_001503287.3
    TRACEY ID     7814  EqCa_Vamp4                      XP_001496569.1 → XP_001496569.2
    TRACEY ID     7827  EqCa_Tom2                       XP_001500511.1 → XP_001500511.2
    TRACEY ID     7838  BoTa_Syx3                       XP_590938.3 → NP_001095441
    TRACEY ID     2256  BoTa_Syx3p                      XP_590938.2 → XP_590938.3
    TRACEY ID     2261  BoTa_Syx2p                      XP_597361.2 → XP_597361.3
    TRACEY ID     8549  NaVi_nSyb                       XP_001604664.1 → XP_001604664.2
    TRACEY ID     8551  NaVi_SN25                       XP_001606157.1 → XP_001606157.2
    TRACEY ID     8554  NaVi_Syx1                       XP_001604855.1 → XP_001604855.2
    TRACEY ID     8558  NaVi_Syx4                       XP_001599830.1 → XP_001599830.2
    TRACEY ID     8561  NaVi_Tom                        XP_001600901.1 → XP_001600901.2
    TRACEY ID    11080  OrAn_Syb1                       XP_001506423.1 → XP_001506423.2
    TRACEY ID   201822  OrAn_Syb2                       XP_001505654.1 → XP_001505654.2
    TRACEY ID    11081  OrAn_Syx13                      XP_001518833.1 → XP_001518833.2
    TRACEY ID    11082  OrAn_Syx16                      XP_001511120.1 → XP_001511120.2
    TRACEY ID    11083  OrAn_Vti1a                      XP_001513273.1 → XP_001513273.2
    TRACEY ID    11084  OrAn_Sec20                      XP_001521146.1 → XP_001521146.2
    TRACEY ID    11086  OrAn_Syx4                       XP_001517537.1 → XP_001517537.2
    TRACEY ID    11087  OrAn_Syx2                       XP_001508711.1 → XP_001508711.2
    TRACEY ID    11089  OrAn_Syx17                      XP_001506027.1 → XP_001506027.2
    TRACEY ID    11090  OrAn_Use1                       XP_001510059.1 → XP_001510059.2
    TRACEY ID    11091  OrAn_Gos28                      XP_001509773.1 → XP_001509773.2
    TRACEY ID    11092  OrAn_Syx3                       XP_001517955.1 → XP_001517955.2
    TRACEY ID    11098  OrAn_Ykt6                       XP_001521372.1 → XP_001521372.2
    TRACEY ID    11099  OrAn_Myob                       XP_001521661.1 → XP_001521661.2
    TRACEY ID    11100  OrAn_Syx6                       XP_001515866.1 → XP_001515866.2
    TRACEY ID    11103  OrAn_SN29p                      XP_001517249.1 → XP_001517249.2
    TRACEY ID    11105  OrAn_GS15p                      XP_001518593.1 → XP_001518593.2
    TRACEY ID   388801  OrAn_Qc.II_1                    XP_001518593.2 → XP_001518593.3
    TRACEY ID    11458  AcPi_Syb1                       XP_001952036.1 → NP_001155635
    TRACEY ID    11470  AcPi_R.IV_2                     XP_001952025.1 → NP_001155635
    TRACEY ID    11459  AcPi_Syx1a                      XP_001951161.1 → NP_001155922
    TRACEY ID    11463  AcPi_Syx8                       XP_001948345.1 → NP_001156190
    TRACEY ID    11465  AcPi_Tom                        XP_001952670.1 → XP_001952670.2
    TRACEY ID    11466  AcPi_Syx1b                      XP_001942998.1 → XP_001942998.2
    TRACEY ID    11472  AcPi_nSyb                       XP_001951839.1 → NP_001156248
    TRACEY ID    11473  AcPi_Syx6                       XP_001950043.1 → XP_001950043.2
    TRACEY ID    11475  AcPi_Use1                       XP_001946677.1 → XP_001946677.2
    TRACEY ID    11477  AcPi_Syx5                       XP_001949256.1 → XP_001949256.2
    TRACEY ID    11479  AcPi_Sec22                      XP_001945057.1 → NP_001155802
    TRACEY ID    11481  AcPi_Gos28                      XP_001949082.1 → XP_001949082.2
    TRACEY ID    11483  AcPi_Syx16                      XP_001946639.1 → NP_001156604
    TRACEY ID    11484  AcPi_SN29                       XP_001945254.1 → NP_001155628
    TRACEY ID   184472  LoLo_Sec22_replaced             XP_003136705.1 → XP_003136705.2
    TRACEY ID   184480  DrSe_SN24frag_replaced          XP_002031833.1 → XP_002031833.2
    TRACEY ID   184593  PaTr_Bet1                       XP_003318636.1 → XP_003318636.2
    TRACEY ID     1952  PaTr_Qc.II_1                    XP_519206.1 → XP_519206.2
    TRACEY ID   184624  SaHar_Tom1                      XP_003769581.1 → XP_003769581.2
    TRACEY ID   184663  EqCa_Syx13_replaced             XP_001917705.1 → XP_001917705.2
    TRACEY ID   184681  HyMa_Vti1b                      XP_002166596.1 → XP_002166596.2
    TRACEY ID   372713  SaHar_R.IV_2                    XP_012404157.1 → XP_012404157.2
    TRACEY ID   184905  HyMa_Syx6                       XP_002162916.1 → XP_002162916.2
    TRACEY ID   184925  HyMa_Eb-like                    XP_002156970.1 → XP_002156970.2
    TRACEY ID     2441  DaRe_Syx16_1                    XP_691316.1 → XP_691316.2
    TRACEY ID   185103  SaBol_SN29                      XP_003942750.1 → XP_003942750.2
    TRACEY ID   188479  GlMa_Qb.II_2_replaced           NP_001242121.1 → NP_001242121.2
    TRACEY ID   185181  DrWi_Syb_replaced               XP_002068890.1 → XP_002068890.2
    TRACEY ID   185198  GiIn_4_Ykt6-2_replaced          XP_001709759.1 → XP_001709759.2
    TRACEY ID   185310  PaPan_SN47_replaced             XP_003814986.1 → XP_003814986.2
    TRACEY ID   185342  AiMe_Syx16_replaced             XP_002915565.1 → XP_002915565.2
    TRACEY ID   185340  AiMe_Qa.III.a_1_replaced        XP_002915564.1 → XP_002915564.2
    TRACEY ID   185343  AiMe_Qa.III.a_3_replaced        XP_002915566.1 → XP_002915566.2
    TRACEY ID   185344  AiMe_Qa.III.a_4_replaced        XP_002915567.1 → XP_002915567.2
    TRACEY ID   399138  AiMe_Syp4-plants_4_replaced     XP_011218426.1 → XP_011218426.2
    TRACEY ID   399140  AiMe_Syp4-plants_2_replaced     XP_011218425.1 → XP_011218425.2
    TRACEY ID   188426  SoBi_Vamp725_replaced           XP_002466264.1 → XP_002466264.2
    TRACEY ID   185384  CaPo_Syb2                       XP_003466215.1 → XP_003466215.2
    TRACEY ID     2071  MaGr_Qc.I_1                     XP_359582.1 → XP_359582.2
    TRACEY ID   185425  LoLo_Vti1_replaced              XP_003138050.1 → XP_003138050.2
    TRACEY ID   185462  SuSc_Syx1a_replaced             XP_003124470.2 → XP_003124470.3
    TRACEY ID   185474  MeTr_SyxPM9_replaced            XP_003597016.1 → XP_003597016.2
    TRACEY ID   185623  EqCa_Syx10_replaced             XP_001504925.2 → XP_001504925.3
    TRACEY ID   185712  OsTa_Syp6_replaced              XP_003081394.1 → XP_003081394.2
    TRACEY ID   185727  NoLe_Bet1_replaced              XP_003252550.1 → XP_003252550.2
    TRACEY ID   185758  PoTr_Vamp725                    XP_002297816.1 → XP_002297816.2
    TRACEY ID   185774  EqCa_SN29_replaced              XP_001492512.2 → XP_001492512.3
    TRACEY ID     7808  EqCa_SNAP29_1                   XP_001492512.1 → XP_001492512.2
    TRACEY ID   205861  NoLe_Ykt6_2                     XP_003271844.1 → XP_003271844.2
    TRACEY ID   204273  GlMa_Qc.I_3_replaced            NP_001242746.1 → NP_001242746.2
    TRACEY ID   389368  GlMa_Use13_replaced             XP_006595567.1 → NP_001348449
    TRACEY ID   186068  PaAn_SN29_replaced              XP_003905313.1 → XP_003905313.2
    TRACEY ID   186112  PoTr_Vamp722_replaced           XP_002303031.1 → XP_002303031.2
    TRACEY ID     6671  PhNo_Sso_1_replaced             EAT92140.1 → EAT92140.2
    TRACEY ID   186340  PiGu_Ufe1_replaced              XP_001482053.1 → XP_001482053.2
    TRACEY ID   186341  AjDe_Ufe1_replaced              XP_002622445.1 → XP_002622445.2
    TRACEY ID   186375  PiGu_Pep12_replaced             XP_001484953.1 → XP_001484953.2
    TRACEY ID   186546  CrGr_GS15                       XP_003515556.1 → XP_003515556.2
    TRACEY ID     2444  DaRe_Syx7-3                     XP_691136.1 → XP_691136.2
    TRACEY ID   186574  CaRe_Syx4_replaced              XP_003097722.1 → XP_003097722.2
    TRACEY ID   186697  CiIn_Vti1a                      XP_002122705.1 → XP_002122705.2
    TRACEY ID   268219  CiIn_Hb.III_1                   XP_002122705.2 → XP_002122705.3
    TRACEY ID   186715  AiMe_Use1                       XP_002912758.1 → XP_002912758.2
    TRACEY ID   186726  BoTa_Syx16                      XP_002692462.1 → XP_002692462.2
    TRACEY ID   186727  BoTa_Qa.III.a_2                 XP_002701148.1 → XP_002701148.2
    TRACEY ID   186763  CaPo_Syx7                       XP_003468509.1 → XP_003468509.2
    TRACEY ID   186798  ArLy_Syp72_replaced             XP_002877397.1 → XP_002877397.2
    TRACEY ID   186804  OsTa_Vti11_replaced             XP_003078749.1 → XP_003078749.2
    TRACEY ID   186827  AnoCa_Tom1_replaced             XP_003215773.1 → XP_003215773.2
    TRACEY ID   186829  AnoCa_R.Reg_3_replaced          XP_003215772.1 → XP_003215772.2
    TRACEY ID   380644  AnoCa_R.Reg_5_replaced          XP_008121195.1 → XP_008121195.2
    TRACEY ID   380648  AnoCa_R.Reg_1_replaced          XP_008121206.1 → XP_008121206.2
    TRACEY ID   380649  AnoCa_R.Reg_4_replaced          XP_008121220.1 → XP_008121220.2
    TRACEY ID   380651  AnoCa_R.Reg_2_replaced          XP_008121214.1 → XP_008121214.2
    TRACEY ID   380637  AnoCa_Syx1_5_replaced           XP_008121020.1 → XP_008121020.2
    TRACEY ID   186859  BoFu_Tlg2_replaced              XP_001552124.1 → XP_001552124.2
    TRACEY ID   186892  PiGu_Gos1_replaced              XP_001483334.1 → XP_001483334.2
    TRACEY ID   186894  SaHar_Memb_replaced             XP_003768462.1 → XP_003768462.2
    TRACEY ID   186913  PiGu_Nyv1_replaced              XP_001484983.1 → XP_001484983.2
    TRACEY ID   186982  TaGu_SN47                       XP_002192625.1 → XP_002192625.2
    TRACEY ID     6662  PhNo_Nyv1_2_replaced            EAT83639.1 → EAT83639.2
    TRACEY ID   188497  GlMa_Qb.III.d_3_replaced        NP_001242044.1 → NP_001242044.2
    TRACEY ID   187191  DrWi_Syx17_replaced             XP_002067971.1 → XP_002067971.2
    TRACEY ID   187199  SuSc_Vti1a                      XP_003133233.2 → XP_003133233.3
    TRACEY ID   187215  PoTr_Syx163_replaced            XP_002301493.1 → XP_002301493.2
    TRACEY ID     1797  ApMe_Syx18_1                    XP_623865.1 → XP_623865.2
    TRACEY ID   187267  BaBo_SyxPM2_replaced            XP_001611506.1 → XP_001611506.2
    TRACEY ID    10257  BaBo_1_SyxPM2_replaced          EDO07938.1 → EDO07938.2
    TRACEY ID   187294  ApMe_Syx8_replaced              XP_624480.3 → XP_624480.4
    TRACEY ID     2209  ApMe_Syx8_1                     XP_624480.1 → XP_624480.2
    TRACEY ID      285  CaEl_RV_1                       NP_491626.1 → NP_491626.2
    TRACEY ID      631  CaEl_Tomosyn_1                  NP_740853.1 → NP_740853.2
    TRACEY ID     1395  CaEl_RV_3                       NP_491623.1 → NP_491623.2
    TRACEY ID   187391  TaGu_Bet1_replaced              XP_002196708.1 → XP_002196708.2
    TRACEY ID   187447  NeVe_Memb_replaced              XP_001625463.1 → XP_001625463.2
    TRACEY ID   187456  ThPa_SN29like_replaced          XP_766492.1 → XP_766492.2
    TRACEY ID     2641  ThPa_1_SN29like_replaced        EAN34209.1 → EAN34209.2
    TRACEY ID   345265  EqCa_Ha.IV.Syx_10               XP_005598743.1 → XP_005598743.2
    TRACEY ID   187582  CuQu_Syx18_replaced             XP_001849452.1 → XP_001849452.2
    TRACEY ID   187649  DrPs_2_Tom                      XP_002133559.1 → XP_002133559.2
    TRACEY ID   187704  NeVe_Vti1a                      XP_001624719.1 → XP_001624719.2
    TRACEY ID   187713  LoEl_Vti1_replaced              XP_001527190.1 → XP_001527190.2
    TRACEY ID      182  RaNo_Ykt6_1                     NP_113880.1 → NP_113880.2
    TRACEY ID   187790  GlMa_Vti12_replaced             NP_001238119.1 → NP_001238119.2
    TRACEY ID   187810  DrEr_Syx17_replaced             XP_001971896.1 → XP_001971896.2
    TRACEY ID     1243  AsGo_Tlg2_1                     NP_984835.1 → NP_984835.2
    TRACEY ID      262  AsGo_Vam7_1                     NP_985293.1 → NP_985293.2
    TRACEY ID     2259  BoTa_Syx20_1                    XP_615353.2 → XP_615353.3
    TRACEY ID   188024  LoEl_Vam3_replaced              XP_001526086.1 → XP_001526086.2
    TRACEY ID   188058  HyMa_Gos28                      XP_002167189.1 → XP_002167189.2
    TRACEY ID   206036  GlMa_Qa.III_3_replaced          NP_001235989.1 → NP_001235989.2
    TRACEY ID   188227  LoEl_Sed5_replaced              XP_001526662.1 → XP_001526662.2
    TRACEY ID   188284  BrDi_Memb11_replaced            XP_003561657.1 → XP_003561657.2
    TRACEY ID   188376  DrEr_nSyb_replaced              XP_001971167.1 → XP_001971167.2
    TRACEY ID   188406  TaGu_Syx7_replaced              XP_002192049.1 → XP_002192049.2
    TRACEY ID   371911  TaGu_Ha.III.b_6_replaced        XP_012428095.1 → XP_012428095.2
    TRACEY ID   371912  TaGu_Ha.III.b_4_replaced        XP_012428096.1 → XP_012428096.2
    TRACEY ID   188410  HyMa_Use1_replaced              XP_002164600.1 → XP_002164600.2
    TRACEY ID   188427  IxSc_SN29                       XP_002404177.1 → XP_002404177.2
    TRACEY ID   188443  DrMo_Gos28_replaced             XP_001998955.1 → XP_001998955.2
    TRACEY ID   188489  GlMa_Vti12_2_replaced           NP_001242724.1 → NP_001242724.2
    TRACEY ID   188516  DrMo_Syx1                       XP_001998795.1 → XP_001998795.2
    TRACEY ID   188535  LoEl_Sec22_replaced             XP_001525437.1 → XP_001525437.2
    TRACEY ID   188698  IxSc_Vti1a_replaced             XP_002406341.1 → XP_002406341.2
    TRACEY ID   188755  BaBo_Ykt6-2_replaced            XP_001610726.1 → XP_001610726.2
    TRACEY ID    10264  BaBo_1_Ykt6-2_replaced          EDO07158.1 → EDO07158.2
    TRACEY ID     7822  EqCa_Syx7_1                     XP_001503385.1 → XP_001503385.2
    TRACEY ID   188963  BaBo_Syx5_replaced              XP_001611767.1 → XP_001611767.2
    TRACEY ID    10262  BaBo_1_Syx52_replaced           EDO08199.1 → EDO08199.2
    TRACEY ID   189006  TaGu_Syx18                      XP_002193663.1 → XP_002193663.2
    TRACEY ID   189014  OsTa_Sec22_replaced             XP_003083120.1 → XP_003083120.2
    TRACEY ID   375248  AmQu_Qa.III.a_1_replaced        XP_011409110.1 → XP_011409110.2
    TRACEY ID   189036  CiIn_Syx8                       XP_002122967.1 → XP_002122967.2
    TRACEY ID   189110  CaPo_Syb1_2                     XP_003463331.1 → XP_003463331.2
    TRACEY ID     2220  ApMe_TiVamp-2                   XP_623358.1 → NP_001229456
    TRACEY ID     7817  EqCa_Syx1_1                     XP_001500908.1 → XP_001500908.2
    TRACEY ID   189181  TaGu_Gs15_replaced              XP_002194038.1 → XP_002194038.2
    TRACEY ID   189204  TaGu_Syx3                       XP_002195582.1 → XP_002195582.2
    TRACEY ID   377297  CiIn_Syp4-plants_1_replaced     XP_009860254.1 → XP_009860254.2
    TRACEY ID   189210  CuQu_GS27_replaced              XP_001847979.1 → XP_001847979.2
    TRACEY ID   189211  PoTr_Syp61                      XP_002305773.1 → XP_002305773.2
    TRACEY ID   189246  DaRe_Syx13_2_replaced           XP_697581.4 → XP_697581.5
    TRACEY ID     2422  DaRe_Syx13-2                    2.5.1.44XP_697581.1 → XP_697581.2
    TRACEY ID     2299  BoTa_Syx10-x                    XP_872411.1 → NP_001180006
    TRACEY ID   190028  GlMa_R.II_2_replaced            NP_001237219.1 → NP_001237219.2
    TRACEY ID   189356  SuSc_Use1                       XP_003354181.1 → XP_003354181.2
    TRACEY ID   189502  HyMa_Ykt6                       XP_002155852.1 → XP_002155852.2
    TRACEY ID     2274  BoTa_Syx1_1                     XP_592349.2 → NP_001069140
    TRACEY ID   189537  HyMa_SN25                       XP_002162654.1 → XP_002162654.2
    TRACEY ID   189549  NeVe_Syx20                      XP_001628196.1 → XP_001628196.2
    TRACEY ID      887  MuMu_Syx17_1                    NP_080619.1 → NP_080619.2
    TRACEY ID   189579  HyMa_Vamp4                      XP_002158018.1 → XP_002158018.2
    TRACEY ID   189743  HyMa_Memb                       XP_002162065.1 → XP_002162065.2
    TRACEY ID   189781  CaPo_Use1                       XP_003464297.1 → XP_003464297.2
    TRACEY ID   189800  OsTa_Sec20_replaced             XP_003083353.1 → XP_003083353.2
    TRACEY ID   252950  CaPo_Ha.IV.Syx_4                XP_005001184.1 → XP_005001184.2
    TRACEY ID   189831  MeTr_Syp51                      XP_003600182.1 → XP_003600182.2
    TRACEY ID   189862  HyMa_Sec22                      XP_002155079.1 → XP_002155079.2
    TRACEY ID   189895  AnGa_Syx4_replaced              XP_309226.3 → XP_309226.4
    TRACEY ID      829  AnGa_Syx1_1_replaced            EAA04909.2 → EAA04909.3
    TRACEY ID   189898  TaGu_Vti1a                      XP_002198053.1 → XP_002198053.2
    TRACEY ID   342796  TaGu_Hb.III_1                   XP_002198053.2 → XP_002198053.3
    TRACEY ID     2788  DiDi_1_Syx5_d                   XP_642671.1 → XP_642671.2
    TRACEY ID   189937  TrRu_Sft1_replaced              XP_003238024.1 → XP_003238024.2
    TRACEY ID   189963  LoEl_Nyv1_replaced              XP_001528689.1 → XP_001528689.2
    TRACEY ID   189974  DaRe_Sec20-1                    XP_001333725.1 → XP_001333725.2
    TRACEY ID   189979  PoTr_Ykt62                      XP_002324554.1 → XP_002324554.2
    TRACEY ID   387341  PoTr_R.II_1_replaced            XP_002324554.2 → XP_002324554.3
    TRACEY ID   203027  PoTr_Ykt61_replaced             XP_002309328.1 → XP_002309328.2
    TRACEY ID     1259  HoSa_Syx17_1                    NP_060389.1 → NP_060389.2
    TRACEY ID     2245  BoTa_Tom1-3                     XP_617776.2 → XP_617776.3
    TRACEY ID     8152  BoTa_Tom1-2                     XP_617776.3 → XP_617776.4
    TRACEY ID   190084  SoMa_SsoA_replaced              XP_003345101.1 → XP_003345101.2
    TRACEY ID      774  CaEl_QcI_1                      NP_491521.1 → NP_491521.2
    TRACEY ID     2264  BoTa_Syx5-1                     XP_587441.2 → NP_001068912
    TRACEY ID     2273  BoTa_Syx5-2                     XP_884397.1 → NP_001068912
    TRACEY ID     2296  BoTa_Syx5_1                     XP_884337.1 → NP_001068912
    TRACEY ID   190133  BaBo_Syx7_replaced              XP_001609433.1 → XP_001609433.2
    TRACEY ID    10263  BaBo_1_Syx7_replaced            EDO05865.1 → EDO05865.2
    TRACEY ID     1966  MaGr_Qc.III_2                   XP_362499.1 → XP_362499.2
    TRACEY ID   190165  LoEl_Tlg2_replaced              XP_001528603.1 → XP_001528603.2
    TRACEY ID   190196  LoEl_Pep12_replaced             XP_001524872.1 → XP_001524872.2
    TRACEY ID   190260  AiMe_Syx18_replaced             XP_002923338.1 → XP_002923338.2
    TRACEY ID   378537  MeGa_Syx1_5                     XP_010718343.1 → XP_010718343.2
    TRACEY ID   378540  MeGa_Syx1_9                     XP_010718342.1 → XP_010718342.2
    TRACEY ID   190451  LoEl_Sec20_replaced             XP_001524011.1 → XP_001524011.2
    TRACEY ID   190488  LoEl_Vam7_replaced              XP_001523859.1 → XP_001523859.2
    TRACEY ID   190536  LoEl_Sec9_replaced              XP_001523813.1 → XP_001523813.2
    TRACEY ID   190559  LoEl_Gos1_replaced              XP_001523658.1 → XP_001523658.2
    TRACEY ID   374488  TaGu_R.III_1_replaced           XP_012430825.1 → NP_001426349
    TRACEY ID   190636  LoEl_Tom_replaced               XP_001523829.1 → XP_001523829.2
    TRACEY ID   190643  NeVe_Syx1_replaced              XP_001629417.1 → XP_001629417.2
    TRACEY ID   190655  LoEl_Ufe1_replaced              XP_001523737.1 → XP_001523737.2
    TRACEY ID   190656  AsOr_1_Bet1_replaced            XP_001727925.2 → XP_001727925.3
    TRACEY ID   206576  CaJc_Qa.III.a_3_replaced        XP_002747760.1 → XP_002747760.2
    TRACEY ID   190741  PlCh_Nspn11_replaced            XP_732379.1 → XP_732379.2
    TRACEY ID   190788  HoSa_SN47_replaced              NP_444280.2 → NP_444280.3
    TRACEY ID     1150  HoSa_SNAP25_10                  NP_444280.1 → NP_444280.2
    TRACEY ID   377950  MeGa_Syp4-plants_1_replaced     XP_010720856.1 → XP_010720856.2
    TRACEY ID   190796  ArLy_Bet12_replaced             XP_002870311.1 → XP_002870311.2
    TRACEY ID   190860  EqCa_Tom1                       XP_001915881.2 → XP_001915881.3
    TRACEY ID   190903  CaPo_Vti1a                      XP_003475259.1 → XP_003475259.2
    TRACEY ID   377224  MeGa_Qa.IV_2_replaced           XP_010720231.1 → XP_010720231.2
    TRACEY ID   191130  HyMa_Syx17                      XP_002169058.1 → XP_002169058.2
    TRACEY ID   308853  HyMa_Qa.III_1                   XP_002169058.2 → XP_002169058.3
    TRACEY ID   191173  DrWi_Syx6                       XP_002061538.1 → XP_002061538.2
    TRACEY ID   191203  SeMo_Syp61_replaced             XP_002973834.1 → XP_002973834.2
    TRACEY ID   191222  PoAb_SN25b_replaced             NP_001127109.1 → NP_001127109.2
    TRACEY ID   191250  CaPo_Vamp4                      XP_003474699.1 → XP_003474699.2
    TRACEY ID   191310  OrCu_Syx10                      XP_002724221.1 → XP_002724221.2
    TRACEY ID      371  HoSa_Tomosyn_1                  NP_640337.2 → NP_640337.3
    TRACEY ID   389729  HoSa_R.Reg_15_replaced          XP_006715402.1 → NP_001381338
    TRACEY ID     2427  DaRe_Syx19old                   XP_698933.1 → XP_698933.2
    TRACEY ID     6721  DaRe_Syx1_2                     XP_698933.2 → XP_698933.3
    TRACEY ID   389347  DaRe_Syx1_6_replaced            XP_009302853.1 → XP_009302853.2
    TRACEY ID   191499  EqCa_Syx18_replaced             XP_001917859.2 → XP_001917859.3
    TRACEY ID   191680  TaGu_Gos28                      XP_002195561.1 → XP_002195561.2
    TRACEY ID   191704  NeVe_Vamp7_replaced             XP_001631076.1 → XP_001631076.2
    TRACEY ID   193467  PoTr_Syp22                      XP_002304351.1 → XP_002304351.2
    TRACEY ID   191993  MeTr_Vamp725                    XP_003604980.1 → XP_003604980.2
    TRACEY ID   192022  PeCh_Tlg1_replaced              XP_002568670.1 → XP_002568670.2
    TRACEY ID   192036  BrMa_SN29_replaced              XP_001893720.1 → XP_001893720.2
    TRACEY ID   192056  LoEl_Sso_replaced               XP_001525954.1 → XP_001525954.2
    TRACEY ID   192072  CuQu_Syx20_replaced             XP_001865470.1 → XP_001865470.2
    TRACEY ID      627  AnGa_Vti1_1                     XP_312794.2 → XP_312794.3
    TRACEY ID   192094  TaGu_SN29_replaced              XP_002199187.1 → XP_002199187.2
    TRACEY ID   192106  LoEl_Bos1_replaced              XP_001526786.1 → XP_001526786.2
    TRACEY ID   190350  GlMa_Qc.III.c_2                 XP_003541999.1 → XP_003541999.2
    TRACEY ID     7818  EqCa_Hc.III.b_1                 XP_001499987.1 → XP_001499987.2
    TRACEY ID     8563  NaVi_Vamp7old                   XP_001605020.1 → XP_001605020.2
    TRACEY ID   383999  NaVi_R.III_3_replaced           XP_008204039.1 → XP_008204039.2
    TRACEY ID     2270  BoTa_Syx13_1                    XP_581836.2 → XP_581836.3
    TRACEY ID   192577  LoAf_Vti1a_replaced             XP_003409165.1 → XP_003409165.2
    TRACEY ID   192592  NeVe_SN29_replaced              XP_001631922.1 → XP_001631922.2
    TRACEY ID   192607  TaGu_Syx13                      XP_002190884.1 → XP_002190884.2
    TRACEY ID   192628  LoEl_Tlg1_replaced              XP_001524845.1 → XP_001524845.2
    TRACEY ID   192647  AeAe_Syx4likeold_replaced       XP_001660091.1 → XP_001660091.2
    TRACEY ID   192655  PeCh_Sec22_replaced             XP_002563747.1 → XP_002563747.2
    TRACEY ID      950  DrMe_SNAP25_1_replaced          EAL24571.1 → EAL24571.2
    TRACEY ID   192803  CaJc_Cellub                     XP_002750308.2 → XP_002750308.3
    TRACEY ID   192843  TaGu_Cellub                     XP_002192078.1 → XP_002192078.2
    TRACEY ID   343198  TaGu_R.IV_1_replaced            XP_002192078.2 → XP_002192078.3
    TRACEY ID     2126  DaRe_Qa.IV_2                    NP_001017663.1 → NP_001099072
    TRACEY ID   192857  OtGa_Myob                       XP_003799284.1 → XP_003799284.2
    TRACEY ID   192894  BrMa_Sec22_replaced             XP_001892442.1 → XP_001892442.2
    TRACEY ID   195197  TaGu_Qa.III.a_2                 XP_002200265.1 → XP_002200265.2
    TRACEY ID   301861  TaGu_Qa.III.a_1                 XP_002200265.2 → XP_002200265.3
    TRACEY ID   193123  MeRo_Vti1a_replaced             XP_003704271.1 → XP_003704271.2
    TRACEY ID   207807  PoTr_Syx162                     XP_002319491.1 → XP_002319491.2
    TRACEY ID   193155  CaBr_Vamp7sh_replaced           XP_002647213.1 → XP_002647213.2
    TRACEY ID   193179  NeVe_Gs15_replaced              XP_001633039.1 → XP_001633039.2
    TRACEY ID   193201  AcPi_Syx18_replaced             XP_003242754.1 → XP_003242754.2
    TRACEY ID   193295  SoBi_Syx18_2_replaced           XP_002448341.1 → XP_002448341.2
    TRACEY ID   193362  NeVe_Vti1b_replaced             XP_001633346.1 → XP_001633346.2
    TRACEY ID   193363  BrMa_Syb2_replaced              XP_001896137.1 → XP_001896137.2
    TRACEY ID   193392  RiCom_Gos12_replaced            XP_002511673.1 → XP_002511673.2
    TRACEY ID   193408  LoAf_Vti1b_replaced             XP_003408567.1 → XP_003408567.2
    TRACEY ID   402445  PoTr_R.I_3_replaced             XP_006369115.1 → XP_006369115.2
    TRACEY ID   193482  MeGa_Amisyn                     XP_003206603.1 → XP_003206603.2
    TRACEY ID   394357  AiMe_Syx1_4_replaced            XP_011235960.1 → XP_011235960.2
    TRACEY ID   394361  AiMe_Syx1_8_replaced            XP_011235961.1 → XP_011235961.2
    TRACEY ID      799  PaTr_SN23old                    XP_510337.1 → XP_510337.2
    TRACEY ID   193575  MeGa_Syx18                      XP_003205960.1 → XP_003205960.2
    TRACEY ID   193592  TaGu_Memb                       XP_002192047.1 → XP_002192047.2
    TRACEY ID   193636  SoMa_Snc_replaced               XP_003352423.1 → XP_003352423.2
    TRACEY ID   397668  PoAb_Syx1_4                     XP_009236943.1 → XP_009236943.2
    TRACEY ID   193698  TaGu_Use1                       XP_002195816.1 → XP_002195816.2
    TRACEY ID   345963  TaGu_Hc.I_1_replaced            XP_002195816.2 → XP_002195816.3
    TRACEY ID   193741  ThPa_Vamp72_replaced            XP_762752.1 → XP_762752.2
    TRACEY ID   193756  CaPo_Syx19_replaced             XP_003469384.1 → XP_003469384.2
    TRACEY ID   193788  CaPo_Tom2                       XP_003469345.1 → XP_003469345.2
    TRACEY ID     1281  PaTr_Amisyn_1                   XP_509880.1 → XP_509880.2
    TRACEY ID   193896  DrVi_Syx17_replaced             XP_002046091.1 → XP_002046091.2
    TRACEY ID   193915  CuQu_Syx4like_replaced          XP_001864035.1 → XP_001864035.2
    TRACEY ID   193917  CuQu_Syx4likeold_replaced       XP_001864036.1 → XP_001864036.2
    TRACEY ID   193946  DrMo_Tom_replaced               XP_002011044.1 → XP_002011044.2
    TRACEY ID   194043  TaGu_Vamp7_replaced             XP_002198912.1 → XP_002198912.2
    TRACEY ID   194111  NeVe_Sec22_replaced             XP_001634368.1 → XP_001634368.2
    TRACEY ID   194266  CuQu_Gos28_replaced             XP_001864546.1 → XP_001864546.2
    TRACEY ID   194279  HyMa_SN47                       XP_002169403.1 → XP_002169403.2
    TRACEY ID   194312  NeVe_Syb1_replaced              XP_001634446.1 → XP_001634446.2
    TRACEY ID   194318  AiMe_SN47_c                     XP_002931061.1 → XP_002931061.2
    TRACEY ID   194344  CaPo_Syx1a                      XP_003470166.1 → XP_003470166.2
    TRACEY ID   194371  TeTh_QaIIIb5                    XP_001033332.2 → XP_001033332.3
    TRACEY ID     2278  BoTa_Myobrevin_1                XP_593818.2 → NP_001039941
    TRACEY ID   194429  TeTh_Gos1                       XP_001032678.2 → XP_001032678.3
    TRACEY ID      430  CaFa_Ykt6-old                   XP_532720.1 → XP_532720.2
    TRACEY ID   194471  MeTr_Vti11_2                    XP_003621298.1 → XP_003621298.2
    TRACEY ID   194520  AsNg_2_Ufe1_replaced            XP_001397864.2 → XP_001397864.3
    TRACEY ID     1163  GaGa_Syx7a                      XP_424541.1 → NP_001012961
    TRACEY ID     2434  DaRe_amis3                      NP_001018574.1 → NP_001018574.2
    TRACEY ID   189921  GlMa_R.III_7_replaced           NP_001236634.1 → NP_001236634.2
    TRACEY ID   195209  GlMa_R.III_14_replaced          XP_003535044.1 → NP_001340510
    TRACEY ID   194790  MeTr_Syp71_replaced             XP_003625605.1 → XP_003625605.2
    TRACEY ID   194804  AeAe_Use1_replaced              XP_001652813.1 → XP_001652813.2
    TRACEY ID   194829  MeRo_Syx16_replaced             XP_003706209.1 → XP_003706209.2
    TRACEY ID   194836  DrPs_2_Syb                      XP_001360803.2 → XP_001360803.3
    TRACEY ID   194908  BrMa_Memb_replaced              XP_001897955.1 → XP_001897955.2
    TRACEY ID   195002  BrMa_Bet1_replaced              XP_001897692.1 → XP_001897692.2
    TRACEY ID   195018  GlMa_Vti1_replaced              XP_003534433.1 → XP_003534433.2
    TRACEY ID     2124  MaGr_R.III_1                    XP_363755.1 → XP_363755.2
    TRACEY ID   195052  CaPo_Cellub                     XP_003471274.1 → XP_003471274.2
    TRACEY ID   195104  CaPo_Syx13                      XP_003471324.1 → XP_003471324.2
    TRACEY ID     2573  ThPa_1_Vamp71_replaced          EAN30880.1 → EAN30880.2
    TRACEY ID      186  CaEl_Syx1_1                     NP_510323.2 → NP_510323.3
    TRACEY ID     2456  CaEl_Stx2-2_replaced            E89697 → Q20574
    TRACEY ID     2462  CaEl_Stx2-3                     T22390 → Q20574
    TRACEY ID     2682  StPu_Vamp4_1                    XP_800532.1 → XP_800532.2
    TRACEY ID   195179  AeAe_Sec20_replaced             XP_001651963.1 → XP_001651963.2
    TRACEY ID   195210  NeVe_Vamp7like_replaced         XP_001635801.1 → XP_001635801.2
    TRACEY ID     1276  HoSa_Syx7_1                     NP_003560.1 → NP_003560.2
    TRACEY ID   201778  PoTr_Syx52                      XP_002324966.1 → XP_002324966.2
    TRACEY ID   195303  BrMa_Syx5_replaced              XP_001897068.1 → XP_001897068.2
    TRACEY ID   195449  DrVi_Tom                        XP_002058126.1 → XP_002058126.2
    TRACEY ID     1022  HoSa_Syb_1                      NP_055047.1 → NP_055047.2
    TRACEY ID     1822  StPu_Vti1A_old                  XP_796642.1 → XP_796642.2
    TRACEY ID     3107  TrCa_SN29_1_2                   XP_972528.1 → XP_972528.2
    TRACEY ID     3106  TrCa_Syb_1                      XP_974560.1 → XP_974560.2
    TRACEY ID   382930  TrCa_R.IV_1                     XP_008194680.1 → XP_008194680.2
    TRACEY ID     1933  MaGr_Qa.III.b_1                 XP_361411.1 → XP_361411.2
    TRACEY ID     1926  MaGr_R.II_1                     XP_369339.1 → XP_369339.2
    TRACEY ID     2028  MaGr_Qb.III.b_1                 XP_368120.1 → XP_368120.2
    TRACEY ID     1820  StPu_Vti1bA_old                 XP_782392.1 → XP_782392.2
    TRACEY ID   195720  TeTh_Vti12                      XP_001012862.2 → XP_001012862.3
    TRACEY ID   195970  AiMe_Tom2                       XP_002928854.1 → XP_002928854.2
    TRACEY ID   196013  AeAe_GS27_replaced              XP_001650534.1 → XP_001650534.2
    TRACEY ID     2638  ThPa_1_Syx16_replaced           EAN31738.1 → EAN31738.2
    TRACEY ID   196094  XeTr_Tom2                       XP_002941892.1 → XP_002941892.2
    TRACEY ID   196211  AeAe_Syx6_replaced              XP_001648589.1 → XP_001648589.2
    TRACEY ID   187826  GlMa_R.III_6_replaced           NP_001237046.1 → NP_001237046.2
    TRACEY ID   204870  GlMa_R.III_21_replaced          NP_001242377.1 → NP_001242377.2
    TRACEY ID   196258  AnoCa_SN25b                     XP_003230507.1 → XP_003230507.2
    TRACEY ID   196283  GaGa_Tom1_replaced              XP_003641042.1 → XP_003641042.2
    TRACEY ID     4594  GaGa_R.Regx                     XP_419658.2 → XP_419658.3
    TRACEY ID   279095  GaGa_R.Reg_9_replaced           XP_004935648.1 → XP_004935648.2
    TRACEY ID     2210  ApMe_nsyb-2                     XP_392013.2 → XP_392013.3
    TRACEY ID   196335  RiCom_Syp21_replaced            XP_002520048.1 → XP_002520048.2
    TRACEY ID   196382  AnoCa_Endob                     XP_003230604.1 → XP_003230604.2
    TRACEY ID   196391  SoBi_Syp62_replaced             XP_002449051.1 → XP_002449051.2
    TRACEY ID   196419  CoPo_Ykt6_replaced              XP_003070683.1 → XP_003070683.2
    TRACEY ID   196502  CoPo_Sec9_replaced              XP_003071632.1 → XP_003071632.2
    TRACEY ID   196541  PlYo_Syp5_replaced              XP_729617.1 → XP_729617.2
    TRACEY ID   196569  PoTr_Syx111                     XP_002325822.1 → XP_002325822.2
    TRACEY ID      116  AnGa_Vamp7_1                    XP_311230.2 → XP_311230.3
    TRACEY ID   196683  TeTh_SyxPM3-2                   XP_001027856.1 → XP_001027856.2
    TRACEY ID      760  HoSa_Vti1_1                     NP_660207.1 → NP_660207.2
    TRACEY ID   378019  HoSa_Npsn_6_replaced            XP_011537633.1 → NP_001352642
    TRACEY ID   389416  HoSa_Npsn_2_replaced            XP_006717700.1 → NP_001352640
    TRACEY ID   196776  GaGa_Syx3                       XP_003641322.1 → XP_003641322.2
    TRACEY ID     1902  CaAl_Qa.III.a_1_replaced        XP_722582.1 → XP_722582.2
    TRACEY ID     6559  LeBr_1_Sec20_replaced           CAM38154.1 → CAM38154.2
    TRACEY ID   196856  CaRe_Memb1_replaced             XP_003106812.1 → XP_003106812.2
    TRACEY ID      170  AnGa_                           XP_315508.2 → XP_315508.3
    TRACEY ID   400549  AnoCa_R.IV_2                    XP_008122307.1 → XP_008122307.2
    TRACEY ID     1001  AnGa_1_syn7-frag                XP_315543.1 → XP_315543.2
    TRACEY ID      729  AnGa_Syx7_1                     XP_315543.2 → XP_315543.3
    TRACEY ID   197028  XeTr_Syx21                      XP_002940478.1 → XP_002940478.2
    TRACEY ID   328091  XeTr_Ha.IV_1_replaced           XP_002940478.2 → XP_002940478.3
    TRACEY ID   197047  ZeMa_Use1_replaced              NP_001151997.1 → NP_001151997.2
    TRACEY ID   197063  GiIn_4_Gos_replaced             XP_001708538.1 → XP_001708538.2
    TRACEY ID   197085  MeTr_Gos14_replaced             XP_003604202.1 → XP_003604202.2
    TRACEY ID   197086  MeTr_Qb.II_2                    XP_003604203.1 → XP_003604203.2
    TRACEY ID   197087  MeTr_Qb.II_3                    XP_003604204.1 → XP_003604204.2
    TRACEY ID   197214  AnGa_Syx8_replaced              XP_316159.4 → XP_316159.5
    TRACEY ID     1449  AnGa_Syx8_1                     XP_316159.2 → XP_316159.3
    TRACEY ID   197296  PoTr_Tom2                       XP_002315153.1 → XP_002315153.2
    TRACEY ID     1377  AnGa_Syx6_1_replaced            EAA11590.1 → EAA11590.2
    TRACEY ID   197354  PaTr_Sec22                      XP_001144507.1 → XP_001144507.2
    TRACEY ID   382734  PaTr_R.I_1                      XP_001144507.2 → XP_001144507.3
    TRACEY ID     1016  PaTr_Sec22_1_2                  XP_514412.1 → XP_514412.2
    TRACEY ID   197435  PoAb_Syb2                       XP_002827046.2 → XP_002827046.3
    TRACEY ID   197437  AnoCa_Syx17                     XP_003229958.1 → XP_003229958.2
    TRACEY ID   400509  AnoCa_Qa.III.b_1_replaced       XP_003229958.2 → XP_003229958.3
    TRACEY ID   197469  CoIm_Pep12                      XP_001244713.1 → XP_001244713.2
    TRACEY ID   197622  PaPan_Syx18_replaced            XP_003816527.1 → XP_003816527.2
    TRACEY ID   195519  ArLy_Qc.I_2_replaced            XP_002872311.1 → XP_002872311.2
    TRACEY ID   197722  PoTr_Syp72                      XP_002320147.1 → XP_002320147.2
    TRACEY ID   197849  DrVi_SN25_replaced              XP_002058768.1 → XP_002058768.2
    TRACEY ID   197859  CoPo_Tom_replaced               XP_003068495.1 → XP_003068495.2
    TRACEY ID   197928  ZeMa_Vamp713_replaced           NP_001149866.1 → NP_001149866.2
    TRACEY ID   197982  LoAf_Syx5_replaced              XP_003419687.1 → XP_003419687.2
    TRACEY ID   198006  XeTr_Qa.III.a_3                 XP_002943756.1 → XP_002943756.2
    TRACEY ID   198008  XeTr_Qa.III.a_4                 XP_002943757.1 → XP_002943757.2
    TRACEY ID   198036  ZeMa_SyxPM8_replaced            NP_001149999.1 → NP_001149999.2
    TRACEY ID   198048  NeVe_Syx17_replaced             XP_001638231.1 → XP_001638231.2
    TRACEY ID   207516  NeVe_Qa.III.b_3                 XP_001618651.1 → XP_001618651.2
    TRACEY ID   189485  PoTr_Qa.IV_1                    XP_002305002.1 → XP_002305002.2
    TRACEY ID   198120  ZeMa_Syp72_replaced             NP_001150004.1 → NP_001150004.2
    TRACEY ID   198144  DrGr_Gos28_replaced             XP_001990214.1 → XP_001990214.2
    TRACEY ID   198187  DrYa_SN25                       XP_002086973.1 → XP_002086973.2
    TRACEY ID   198279  ZeMa_Vamp724_replaced           NP_001150264.1 → NP_001150264.2
    TRACEY ID   207281  ZeMa_R.III_7_replaced           NP_001132174.1 → NP_001132174.2
    TRACEY ID   198389  CaRe_Syx2_replaced              XP_003105641.1 → XP_003105641.2
    TRACEY ID   198476  DrAn_Syx17_replaced             XP_001956162.1 → XP_001956162.2
    TRACEY ID   198518  OtGa_Syx8                       XP_003791308.1 → XP_003791308.2
    TRACEY ID   198535  BrDi_Vamp713_replaced           XP_003573247.1 → NP_001412209
    TRACEY ID     1255  AnGa_Syx1_2_replaced            EAL41719.1 → EAL41719.2
    TRACEY ID     4534  MoDo_Syb_1                      XP_001377510.1 → XP_001377510.2
    TRACEY ID     4564  MoDo_Cellub-2                   XP_001375285.1 → XP_001375285.2
    TRACEY ID   198678  AnGa_Syx18_replaced             XP_309489.4 → XP_309489.5
    TRACEY ID     1347  AnGa_Syx18_1                    XP_309489.2 → XP_309489.3
    TRACEY ID   198758  CoIm_Tom                        XP_001244352.1 → XP_001244352.2
    TRACEY ID   198812  ZeMa_SyxPM5_replaced            NP_001150776.1 → NP_001150776.2
    TRACEY ID   198889  PoTr_Syp21                      XP_002321082.1 → XP_002321082.2
    TRACEY ID     2134  EnHi_RIV_1_replaced             XP_654054.1 → XP_654054.2
    TRACEY ID   198986  ArLy_Use12_replaced             XP_002891789.1 → XP_002891789.2
    TRACEY ID   199013  SeMo_Sft1_replaced              XP_002977359.1 → XP_002977359.2
    TRACEY ID   199012  SeMo_Qc.II_5_replaced           XP_002974938.1 → XP_002974938.2
    TRACEY ID     2040  CaAl_Qa.III.b_2_replaced        XP_723091.1 → XP_723091.2
    TRACEY ID   199048  CaJc_Myob_replaced              XP_003734753.1 → XP_003734753.2
    TRACEY ID   199084  DrSi_Syx6_replaced              XP_002080983.1 → XP_002080983.2
    TRACEY ID   199161  PoTr_Tom3                       XP_002323587.1 → XP_002323587.2
    TRACEY ID   199162  PoTr_Tom1p                      XP_002323586.1 → XP_002323586.2
    TRACEY ID      259  DrMe_Syx1_1_replaced            A55673 → Q24547
    TRACEY ID   199237  DrAn_Syx1                       XP_001964525.1 → XP_001964525.2
    TRACEY ID   199274  DrYa_nSyb_replaced              XP_002093156.1 → XP_002093156.2
    TRACEY ID   199395  AnoCa_Syb2                      XP_003226718.1 → XP_003226718.2
    TRACEY ID   402661  AnoCa_R.IV_4_replaced           XP_003226718.2 → XP_003226718.3
    TRACEY ID   199407  PoTr_Syx114                     XP_002323377.1 → XP_002323377.2
    TRACEY ID   199417  CoIm_Ufe1                       XP_001240704.1 → XP_001240704.2
    TRACEY ID   241794  CoIm_Qa.I_2_replaced            EAS29437.2 → EAS29437.3
    TRACEY ID   199449  RiCom_Ykt6_replaced             XP_002523504.1 → XP_002523504.2
    TRACEY ID   199475  BrMa_Sec20p_replaced            XP_001900773.1 → XP_001900773.2
    TRACEY ID   199559  CaJc_Syx4_replaced              XP_002756125.2 → XP_002756125.3
    TRACEY ID   203649  AnoCa_Qb.III.b_2_replaced       XP_003224918.1 → XP_003224918.2
    TRACEY ID   199685  DrYa_Syx17_replaced             XP_002093699.1 → XP_002093699.2
    TRACEY ID   199826  RiCom_Syx181_replaced           XP_002523004.1 → XP_002523004.2
    TRACEY ID   199876  DrPs_2_Vti1b_replaced           XP_001358541.3 → XP_001358541.4
    TRACEY ID     1002  MuMu_Sec20_1                    NP_742161.2 → NP_742161.3
    TRACEY ID     2062  MuMu_QbI_2                      NP_742161.3 → NP_742161.4
    TRACEY ID      663  HoSa_Sec20-b                    NP_053582.1 → NP_053582.2
    TRACEY ID      835  HoSa_Sec20-c                    NP_053583.1 → NP_053583.2
    TRACEY ID     1179  HoSa_Sec20-a                    NP_053581.1 → NP_053581.2
    TRACEY ID     1620  HoSa_QbI_3                      NP_001196.1 → NP_001196.2
    TRACEY ID   203368  BoTa_doubleSNARE_4              XP_002700618.1 → XP_002700618.2
    TRACEY ID   328267  BoTa_doubleSNARE_9              XP_002700618.2 → XP_002700618.3
    TRACEY ID   200010  PaAn_Syx13_replaced             XP_003891475.1 → XP_003891475.2
    TRACEY ID   200017  DrSi_Syx5_replaced              XP_002079623.1 → XP_002079623.2
    TRACEY ID   200035  AnoCa_Vamp4                     XP_003225510.1 → XP_003225510.2
    TRACEY ID   200103  PoTr_SN254_replaced             XP_002322041.1 → XP_002322041.2
    TRACEY ID   200132  CaRe_Syx5_replaced              XP_003114335.1 → XP_003114335.2
    TRACEY ID   200137  RiCom_Vti12_replaced            XP_002522484.1 → XP_002522484.2
    TRACEY ID   200144  AnoCa_Tom2                      XP_003225851.1 → XP_003225851.2
    TRACEY ID   200186  NoLe_Amisyn                     XP_003261002.1 → XP_003261002.2
    TRACEY ID   200379  ArTh_Vamp724_replaced           NP_193313.5 → NP_193313.6
    TRACEY ID     1406  ArTh_RIII8                      NP_193313.2 → NP_193313.3
    TRACEY ID   200407  CaPo_doubleSNARE_6              XP_003478408.1 → XP_003478408.2
    TRACEY ID   200427  DrPs_2_SN25                     XP_003736677.1 → XP_003736677.2
    TRACEY ID   200446  StPu_Syx5_replaced              XP_784377.3 → XP_784377.4
    TRACEY ID     1815  StPu_Syx5_1                     XP_784377.1 → XP_784377.2
    TRACEY ID   200452  OrCu_Sn47                       XP_002723944.1 → XP_002723944.2
    TRACEY ID   200497  MeOc_Tom                        XP_003746704.1 → XP_003746704.2
    TRACEY ID   200641  OrCu_SN29_replaced              XP_002719765.1 → XP_002719765.2
    TRACEY ID   200645  XeTr_SN47p                      XP_002939413.1 → XP_002939413.2
    TRACEY ID     2269  BoTa_SN47par                    XP_875969.1 → XP_875969.2
    TRACEY ID   200713  OrCu_Syx21N_replaced            XP_002720282.1 → XP_002720282.2
    TRACEY ID   200803  IxSc_Sxy18_replaced             XP_002415969.1 → XP_002415969.2
    TRACEY ID   200863  DrVi_Gos28_replaced             XP_002056222.1 → XP_002056222.2
    TRACEY ID   200923  PlYo_SyxPM1_replaced            XP_724309.1 → XP_724309.2
    TRACEY ID   201012  BrDi_Syp62new                   XP_003577810.1 → XP_003577810.2
    TRACEY ID   201062  PoTr_Syx53_replaced             XP_002316227.1 → XP_002316227.2
    TRACEY ID   201105  OtGa_Syx1a                      XP_003794294.1 → XP_003794294.2
    TRACEY ID   373515  OtGa_Ha.IV.Syx_2_replaced       XP_003794294.2 → XP_003794294.3
    TRACEY ID   373513  OtGa_Ha.IV.Syx_6_replaced       XP_012663336.1 → XP_012663336.2
    TRACEY ID     1607  MuMu_SNAP29_1                   NP_075837.2 → NP_075837.3
    TRACEY ID      624  MuMu_Syx16_1                    NP_766263.1 → NP_766263.2
    TRACEY ID     2791  MuMu_Syx16_d                    Q8BVI5.2 → Q8BVI5.3
    TRACEY ID   399273  MuMu_Syp4-plants_3_replaced     XP_006499498.1 → NP_001349959
    TRACEY ID   201184  PaBr_Sec22_replaced             XP_002793695.1 → XP_002793695.2
    TRACEY ID   201340  XeTr_Syb                        NP_001106401.1 → NP_001106401.2
    TRACEY ID   195091  RaNo_Qb.III.b_1_replaced        XP_003750244.1 → NP_001364123
    TRACEY ID   201356  DrVi_Sec22                      XP_002059053.1 → XP_002059053.2
    TRACEY ID   201398  DrAn_Tom                        XP_001964110.1 → XP_001964110.2
    TRACEY ID      377  AnGa_SNAP25_1                   XP_321742.2 → XP_321742.3
    TRACEY ID   201493  MeTr_Tom3                       XP_003612366.1 → XP_003612366.2
    TRACEY ID   201525  PaTr_Syx18_replaced             XP_001154387.1 → XP_001154387.2
    TRACEY ID   201636  BrMa_Gos28_replaced             XP_001899745.1 → XP_001899745.2
    TRACEY ID     2649  ThPa_1_Pep12_replaced           EAN31119.1 → EAN31119.2
    TRACEY ID     1110  HoSa_Syx5_1                     NP_003155.1 → NP_003155.2
    TRACEY ID   393185  HoSa_Syp3-plants_3_replaced     XP_011543525.1 → NP_001317223
    TRACEY ID    11469  AcPi_doubleSNARE_2              XP_001943857.1 → XP_001943857.2
    TRACEY ID      819  AnGa_QaIIIa                     XP_320788.2 → XP_320788.3
    TRACEY ID   201926  CaBr_Syx16_replaced             XP_002647031.1 → XP_002647031.2
    TRACEY ID   201927  MeTr_Syp21-3_replaced           XP_003612840.1 → XP_003612840.2
    TRACEY ID   201970  CiIn_Vamp4_replaced             XP_002132118.1 → XP_002132118.2
    TRACEY ID   202012  PoTr_Syx112_2                   XP_002310814.1 → XP_002310814.2
    TRACEY ID   202025  PiGu_Bos1_replaced              XP_001487798.1 → XP_001487798.2
    TRACEY ID   202079  CaRe_Syb5_replaced              XP_003113020.1 → XP_003113020.2
    TRACEY ID   202262  HyMa_Syx1                       XP_002164603.1 → XP_002164603.2
    TRACEY ID   202343  RiCom_Sec20_replaced            XP_002528335.1 → XP_002528335.2
    TRACEY ID   202406  CaJc_Syx13_replaced             XP_002750545.1 → XP_002750545.2
    TRACEY ID   202550  PiGu_Vam3_replaced              XP_001487485.1 → XP_001487485.2
    TRACEY ID   202552  PlCh_SyxPM1_replaced            XP_742573.1 → XP_742573.2
    TRACEY ID   202621  ToGo_Sec20_replaced             XP_002371345.1 → XP_002371345.2
    TRACEY ID   202840  PiGu_Vti1_replaced              XP_001486529.1 → XP_001486529.2
    TRACEY ID   375746  ViVi_Syx1_6_replaced            XP_010646969.1 → XP_010646969.2
    TRACEY ID   202895  DrMo_Syx17_replaced             XP_002007054.1 → XP_002007054.2
    TRACEY ID   203021  BrDi_Syp53new                   XP_003562169.1 → XP_003562169.2
    TRACEY ID   203078  YaLi_Vam3_replaced              XP_502129.2 → XP_502129.3
    TRACEY ID     1370  YaLi_1_Vam3p                    XP_502129.1 → XP_502129.2
    TRACEY ID   203138  CaJc_Syx19_replaced             XP_002761346.1 → XP_002761346.2
    TRACEY ID   373683  SaHar_Ha.IV.Syx_1               XP_012397789.1 → XP_012397789.2
    TRACEY ID   373685  SaHar_Ha.IV.Syx_2               XP_012397788.1 → XP_012397788.2
    TRACEY ID   203203  ChRe_Use1_replaced              XP_001699207.1 → XP_001699207.2
    TRACEY ID   203217  CaJc_Syx10_replaced             XP_002807847.1 → XP_002807847.2
    TRACEY ID      406  KlLa_Sec20_1                    XP_452746.1 → XP_452746.2
    TRACEY ID     2293  BoTa_Tom2p                      XP_616879.2 → XP_616879.3
    TRACEY ID     7837  BoTa_Tomosyn_1                  XP_616879.3 → XP_616879.4
    TRACEY ID   203247  CaJc_Use1_replaced              XP_002761919.1 → XP_002761919.2
    TRACEY ID     6665  PhNo_Sec22_2_replaced           EAT91282.1 → EAT91282.2
    TRACEY ID   203326  SaJp_Tlg1                       XP_002171468.1 → XP_002171468.2
    TRACEY ID   203365  CuQu_Use1_replaced              XP_001841767.1 → XP_001841767.2
    TRACEY ID   388976  AmQu_Qa.IV_1_replaced           XP_011405383.1 → XP_011405383.2
    TRACEY ID   203580  PiGu_Sed5_replaced              XP_001482780.1 → XP_001482780.2
    TRACEY ID   203597  CaRe_Use1_replaced              XP_003099270.1 → XP_003099270.2
    TRACEY ID   203605  DrSi_Syx17_replaced             XP_002083633.1 → XP_002083633.2
    TRACEY ID   203612  RiCom_Memb1_replaced            XP_002525701.1 → XP_002525701.2
    TRACEY ID   192892  RiCom_Qb.II_1                   XP_002512083.1 → XP_002512083.2
    TRACEY ID   203716  PoTr_Tom5                       XP_002312164.1 → XP_002312164.2
    TRACEY ID   203808  PiGu_Tlg1_replaced              XP_001485227.1 → XP_001485227.2
    TRACEY ID   203913  GlMa_Gos12_replaced             NP_001242858.1 → NP_001242858.2
    TRACEY ID   203946  CiIn_Tom2                       XP_002127809.1 → XP_002127809.2
    TRACEY ID   269019  CiIn_R.Reg_2                    XP_002127809.2 → XP_002127809.3
    TRACEY ID   203952  RiCom_Syp71_2_replaced          XP_002526376.1 → XP_002526376.2
    TRACEY ID   204010  PaPan_SN23_replaced             XP_003805648.1 → XP_003805648.2
    TRACEY ID   193553  PaPan_doubleSNARE_5_replaced    XP_003805647.1 → XP_003805647.2
    TRACEY ID   204024  CaRe_Memb2_replaced             XP_003112537.1 → XP_003112537.2
    TRACEY ID   204054  DrSe_Syx5_replaced              XP_002038155.1 → XP_002038155.2
    TRACEY ID   391868  CaJc_Syx1_8                     XP_009003156.1 → XP_009003156.2
    TRACEY ID   204125  DrMo_Sec20_replaced             XP_002001414.1 → XP_002001414.2
    TRACEY ID   204145  CiIn_Amisyn_replaced            XP_002131400.1 → XP_002131400.2
    TRACEY ID   204233  CiIn_Ykt6_replaced              XP_002128592.1 → XP_002128592.2
    TRACEY ID   378437  CiIn_R.II_1_replaced            XP_009859212.1 → XP_009859212.2
    TRACEY ID   204235  ChRe_Syx6like_replaced          XP_001701574.1 → XP_001701574.2
    TRACEY ID   392054  GlMa_Syp3-plants_3_replaced     XP_006595622.1 → NP_001402713
    TRACEY ID   200762  AnoCa_Qa.IV_5                   XP_003228882.1 → XP_003228882.2
    TRACEY ID   204363  PiGu_Sec20_replaced             XP_001486394.1 → XP_001486394.2
    TRACEY ID   204371  AnoCa_Syx20                     XP_003223973.1 → XP_003223973.2
    TRACEY ID   403932  AnoCa_Qa.IV_3_replaced          XP_003223973.2 → XP_003223973.3
    TRACEY ID   403933  AnoCa_Qa.IV_2_replaced          XP_008113702.1 → XP_008113702.2
    TRACEY ID   204423  ClLu_Nyv1_replaced              XP_002619173.1 → XP_002619173.2
    TRACEY ID   204431  CiIn_Bet1_replaced              XP_002119320.1 → XP_002119320.2
    TRACEY ID   204546  ClLu_Tlg2_replaced              XP_002619156.1 → XP_002619156.2
    TRACEY ID   204554  PoAb_Syx8p_replaced             XP_002827069.1 → XP_002827069.2
    TRACEY ID   204558  ToGo_SN25_replaced              XP_002369861.1 → XP_002369861.2
    TRACEY ID   204643  DrEr_Tom_replaced               XP_001978351.1 → XP_001978351.2
    TRACEY ID   204650  RiCom_Syx115_replaced           XP_002525472.1 → XP_002525472.2
    TRACEY ID   204664  PaAn_Tom2                       XP_003894048.1 → XP_003894048.2
    TRACEY ID   204670  CiIn_Memb_replaced              XP_002130373.1 → XP_002130373.2
    TRACEY ID   204680  AnoCa_R.III_4                   XP_003223409.1 → XP_003223409.2
    TRACEY ID   404475  AnoCa_R.III_1_replaced          XP_003223409.2 → XP_003223409.3
    TRACEY ID     1621  CaEl_Syx7_1                     NP_492422.1 → NP_492422.2
    TRACEY ID   389363  GlMa_R.III_11                   XP_006595623.1 → NP_001242259
    TRACEY ID   204722  OrCu_Syx17                      XP_002707992.1 → XP_002707992.2
    TRACEY ID   377782  ViVi_R.II_1_replaced            XP_010659784.1 → XP_010659784.2
    TRACEY ID   204771  MeTr_Tom1_replaced              XP_003616655.1 → XP_003616655.2
    TRACEY ID   204801  PiGu_Sec22_replaced             XP_001484447.1 → XP_001484447.2
    TRACEY ID   204910  PaAn_Syx19_replaced             XP_003893871.1 → XP_003893871.2
    TRACEY ID   386449  PaAn_Syx1_6_replaced            XP_009196813.1 → XP_009196813.2
    TRACEY ID   204918  DaRe_Vamp4_replaced             NP_957029.2 → NP_957029.3
    TRACEY ID   204932  PiGu_Tlg2_replaced              XP_001484994.1 → XP_001484994.2
    TRACEY ID   204939  CiIn_Syx6_2                     XP_002119877.1 → XP_002119877.2
    TRACEY ID   204987  AnoCa_Syb2_2                    XP_003218381.1 → XP_003218381.2
    TRACEY ID   204988  PoAb_Vti1a_replaced             XP_002821193.1 → XP_002821193.2
    TRACEY ID     6674  PhNo_Tlg2_1_replaced            EAT79631.1 → EAT79631.2
    TRACEY ID   205099  OrCu_Bet1_replaced              XP_002713847.1 → XP_002713847.2
    TRACEY ID   205114  RiCom_Vamp713_2_replaced        XP_002531953.1 → XP_002531953.2
    TRACEY ID   205154  CiIn_Use1_replaced              XP_002122322.1 → XP_002122322.2
    TRACEY ID     2774  AsFu_Bos1_23                    XP_752416.1 → XP_752416.2
    TRACEY ID   205203  PoAb_Syx5_replaced              XP_002821683.1 → XP_002821683.2
    TRACEY ID   207845  PoAb_Qa.II_1_replaced           XP_003777780.1 → XP_003777780.2
    TRACEY ID   205314  ClLu_Snc-p_replaced             XP_002615996.1 → XP_002615996.2
    TRACEY ID     6675  PhNo_Ufe1_2_replaced            EAT79041.1 → EAT79041.2
    TRACEY ID     6679  PhNo_Ykt6_2_replaced            EAT90328.1 → EAT90328.2
    TRACEY ID   205364  LoAf_Vamp7                      XP_003421788.1 → XP_003421788.2
    TRACEY ID   205415  CaRe_SN29_replaced              XP_003098230.1 → XP_003098230.2
    TRACEY ID   205418  DrWi_Vti1b_replaced             XP_002073552.1 → XP_002073552.2
    TRACEY ID     1825  BoTa_RI_1                       XP_885556.1 → NP_001069811
    TRACEY ID     2282  BoTa_Sec22-2                    XP_885502.1 → NP_001069811
    TRACEY ID   205441  SaJp_Syx8                       XP_002174499.1 → XP_002174499.2
    TRACEY ID   205509  ClLu_Ufe1_replaced              XP_002616778.1 → XP_002616778.2
    TRACEY ID   205541  AmQu_Sec22_replaced             XP_003385017.1 → XP_003385017.2
    TRACEY ID   205547  CoPo_Syx8_replaced              XP_003066665.1 → XP_003066665.2
    TRACEY ID   205647  NaDa_Tlg2_replaced              XP_003671327.1 → XP_003671327.2
    TRACEY ID   205651  IxSc_Vamp7_replaced             XP_002400270.1 → XP_002400270.2
    TRACEY ID   205696  GlMa_Syx113_2_replaced          XP_003519111.1 → NP_001304356
    TRACEY ID   205726  CaJc_Syx1a_replaced             XP_002743976.1 → XP_002743976.2
    TRACEY ID   205739  ChRe_Bet1_replaced              XP_001693301.1 → XP_001693301.2
    TRACEY ID   205839  CiIn_Vti1b_replaced             XP_002130133.1 → XP_002130133.2
    TRACEY ID   205849  CoPo_Sed5_replaced              XP_003067813.1 → XP_003067813.2
    TRACEY ID   205859  AjDe_Vam7_replaced              XP_002629156.1 → XP_002629156.2
    TRACEY ID   205868  CoPo_Ufe1_replaced              XP_003067847.1 → XP_003067847.2
    TRACEY ID   205888  DrSe_Syx6_replaced              XP_002033332.1 → XP_002033332.2
    TRACEY ID   401534  OrCu_R.III_6_replaced           XP_008262293.1 → XP_008262293.2
    TRACEY ID   206031  SoBi_Vamp724_replaced           XP_002459621.1 → XP_002459621.2
    TRACEY ID   206076  CaJc_Syx17_replaced             XP_002743184.1 → XP_002743184.2
    TRACEY ID   206116  CiIn_Sec20_replaced             XP_002129504.1 → XP_002129504.2
    TRACEY ID   206139  MeTr_SN254_2_replaced           XP_003627345.1 → XP_003627345.2
    TRACEY ID   387821  PoAb_Syx1_3_replaced            XP_009246679.1 → XP_009246679.2
    TRACEY ID   206317  CoIm_Tlg2                       XP_001248644.1 → XP_001248644.2
    TRACEY ID     1913  EnHi_Qa.II_1                    XP_652999.1 → XP_652999.2
    TRACEY ID   206418  DrSi_Syx18_replaced             XP_002104745.1 → XP_002104745.2
    TRACEY ID   389547  AmQu_Qa.III.a_3_replaced        XP_011409634.1 → XP_011409634.2
    TRACEY ID   206544  OsTa_Ykt6_replaced              XP_003075280.1 → XP_003075280.2
    TRACEY ID   206550  CaAl_Pep12_replaced             XP_720600.1 → XP_720600.2
    TRACEY ID   206559  PaBr_Snc_replaced               XP_002793619.1 → XP_002793619.2
    TRACEY ID     6664  PhNo_Sec20_2_replaced           EAT88186.1 → EAT88186.2
    TRACEY ID     6666  PhNo_Sec9_2_replaced            EAT88229.1 → EAT88229.2
    TRACEY ID      914  AnGa_Gos28_1                    XP_312491.2 → XP_312491.3
    TRACEY ID      274  ApMe_Tomosyn_1                  XP_391820.1 → XP_391820.2
    TRACEY ID     2212  ApMe_Tom-2                      XP_391820.2 → XP_391820.3
    TRACEY ID   382776  ApMe_R.Reg_1_replaced           XP_006569744.1 → XP_006569744.2
    TRACEY ID   382777  ApMe_R.Reg_7_replaced           XP_006569743.1 → XP_006569743.2
    TRACEY ID   382778  ApMe_R.Reg_6_replaced           XP_006569742.1 → XP_006569742.2
    TRACEY ID   382779  ApMe_R.Reg_3_replaced           XP_006569741.1 → XP_006569741.2
    TRACEY ID   382780  ApMe_R.Reg_8_replaced           XP_006569748.1 → XP_006569748.2
    TRACEY ID   382791  ApMe_R.Reg_5_replaced           XP_006569740.1 → XP_006569740.2
    TRACEY ID   398513  ApMe_R.Reg_4_replaced           XP_006569746.1 → XP_006569746.2
    TRACEY ID   207007  AnGa_Syx16_replaced             XP_316820.5 → XP_316820.6
    TRACEY ID      476  AnGa_Syx16_1_replaced           EAA12040.1 → EAA12040.2
    TRACEY ID   207121  DaRe_Syx10_replaced             XP_001922254.1 → NP_001313376
    TRACEY ID   207128  PoTr_Tom4                       XP_002307215.1 → XP_002307215.2
    TRACEY ID   207185  ViVi_Vamp713                    XP_002274165.1 → XP_002274165.2
    TRACEY ID   207187  NoLe_Syx10_replaced             XP_003275651.1 → XP_003275651.2
    TRACEY ID     2665  DaRe_Qa.IV_4                    XP_700691.1 → XP_700691.2
    TRACEY ID   207225  DaRe_SN29_replaced              NP_001243185.1 → NP_001243185.2
    TRACEY ID   207229  SeMo_SyxPM5_replaced            XP_002991810.1 → XP_002991810.2
    TRACEY ID   206240  SeMo_Qa.IV_14_replaced          XP_002992970.1 → XP_002992970.2
    TRACEY ID   207292  AnGa_Tom_replaced               XP_311151.5 → XP_311151.6
    TRACEY ID      924  AnGa_Tomosyn_1                  XP_311151.2 → XP_311151.3
    TRACEY ID      115  MuMu_Tomosyn_2                  XP_125517.4 → XP_125517.5
    TRACEY ID     2513  MuMu_Tom2-5                     XP_901481.1 → NP_001074813
    TRACEY ID     2795  MuMu_R.V2                       Q8K400.2 → Q8K400.3
    TRACEY ID   375424  MuMu_R.Reg_19_replaced          XP_006512991.1 → NP_001394994
    TRACEY ID   382713  MuMu_R.Reg_12_replaced          XP_006512989.1 → NP_001394992
    TRACEY ID   207405  TrRu_Vti1_replaced              XP_003232326.1 → XP_003232326.2
    TRACEY ID   207432  DrWi_Tom                        XP_002070930.1 → XP_002070930.2
    TRACEY ID   207438  DrWi_Syx4_replaced              XP_002070939.1 → XP_002070939.2
    TRACEY ID     2445  DaRe_Sec20-2                    XP_689248.1 → XP_689248.2
    TRACEY ID   207521  GiIn_4_Ykt6_replaced            XP_001708353.1 → XP_001708353.2
    TRACEY ID   207548  DrSi_Vti1b_replaced             XP_002102941.1 → XP_002102941.2
    TRACEY ID   207550  CaAl_Use1_replaced              XP_719102.1 → XP_719102.2
    TRACEY ID   207566  CaJc_Tom2                       XP_002758780.1 → XP_002758780.2
    TRACEY ID     4521  PhNo_Tomosyn_2_replaced         EAT76823.1 → EAT76823.2
    TRACEY ID   207931  CiIn_Syx7_replaced              XP_002123047.1 → XP_002123047.2
    TRACEY ID   207940  CiIn_Vamp7_replaced             XP_002127203.1 → XP_002127203.2
    TRACEY ID   207948  CrGr_Syx6                       XP_003500172.1 → XP_003500172.2
    TRACEY ID   207963  CiIn_Syx5_replaced              XP_002126270.1 → XP_002126270.2
    TRACEY ID   207989  CoPo_Vam7_replaced              XP_003065464.1 → XP_003065464.2
    TRACEY ID   207997  SeMo_SyxPM7_replaced            XP_002990760.1 → XP_002990760.2
    TRACEY ID   204846  SeMo_Qa.IV_15_replaced          XP_002986653.1 → XP_002986653.2
    TRACEY ID   197058  AsNg_2_Snc_replaced             XP_001395806.2 → XP_001395806.3
    TRACEY ID   213481  CaOw_Bet1                       EFW46773.1 → EFW46773.2
    TRACEY ID   344954  CaOw_Qc.II_2                    XP_004347478.1 → XP_004347478.2
    TRACEY ID   214482  CaOw_Use1                       EFW44162.1 → EFW44162.2
    TRACEY ID   344410  CaOw_Hc.I_1                     XP_004348937.1 → XP_004348937.2
    TRACEY ID   214526  CaOw_SN25-1                     EFW44799.1 → EFW44799.2
    TRACEY ID   343497  CaOw_doubleSNARE_3              XP_004348618.1 → XP_004348618.2
    TRACEY ID   217431  TrAe_Memb11                     AFQ60150.1 → AFQ60150.2
    TRACEY ID      809  ScPo_Pep12_1                    NP_595100.1 → NP_595100.2
    TRACEY ID   392039  CaFl_Syp3-plants_1_replaced     XP_011265962.1 → XP_011265962.2
    TRACEY ID   403384  CrGi_R.III_4_replaced           XP_011442879.1 → XP_011442879.2
    TRACEY ID   403386  CrGi_R.III_12_replaced          XP_011442880.1 → XP_011442880.2
    TRACEY ID     2030  AsNi_Qa.III.a_1_replaced        XP_659652.1 → XP_659652.2
    TRACEY ID     1827  AsNi_Qc.I_1_replaced            XP_658254.1 → XP_658254.2
    TRACEY ID   381519  MeAcr_R.Reg_1_replaced          XP_007813793.1 → XP_007813793.2
    TRACEY ID   196590  AsNg_2_Nyv1_replaced            XP_001392863.2 → XP_001392863.3
    TRACEY ID   224759  CaOw_Tom1                       EFW43436.1 → EFW43436.2
    TRACEY ID   343889  CaOw_R.Reg_2                    XP_004364348.1 → XP_004364348.2
    TRACEY ID   202269  PiGu_doubleSNARE_1_replaced     XP_001486871.1 → XP_001486871.2
    TRACEY ID   393076  CaFl_Ufe1_2_replaced            XP_011255151.1 → XP_011255151.2
    TRACEY ID   393077  CaFl_Ufe1_1_replaced            XP_011255150.1 → XP_011255150.2
    TRACEY ID   375768  CaFl_SNAP_2_replaced            XP_011253531.1 → XP_011253531.2
    TRACEY ID   375803  CaFl_SNAP_3                     XP_011253645.1 → XP_011253645.2
    TRACEY ID   230478  MeAn_Sec9_replaced              EFZ03166.1 → EFZ03166.2
    TRACEY ID   404503  CrGi_SNAP_14_replaced           XP_011415111.1 → XP_011415111.2
    TRACEY ID   399361  CrGi_R.I_1_replaced             XP_011429609.1 → XP_011429609.2
    TRACEY ID   395111  CrGi_SNAP_10                    XP_011416963.1 → XP_011416963.2
    TRACEY ID   395114  CrGi_SNAP_11                    XP_011416960.1 → XP_011416960.2
    TRACEY ID   395115  CrGi_SNAP_3_replaced            XP_011416959.1 → XP_011416959.2
    TRACEY ID   404488  CrGi_SNAP_8                     XP_011416958.1 → XP_011416958.2
    TRACEY ID   404393  CrGi_Qb.II_5_replaced           XP_011446338.1 → XP_011446338.2
    TRACEY ID   231437  MeAn_Vti1-2                     EFZ01393.1 → EFZ01393.2
    TRACEY ID   232343  MeAn_Ykt6                       EFY99021.1 → EFY99021.2
    TRACEY ID   394755  CrGi_R.Reg_1                    XP_011418809.1 → XP_011418809.2
    TRACEY ID   394763  CrGi_R.Reg_2                    XP_011418808.1 → XP_011418808.2
    TRACEY ID   390062  AeAe_R.II_1_replaced            XP_011493172.1 → XP_011493172.2
    TRACEY ID      228  CaEl_Syb_1                      NP_506093.1 → NP_506093.2
    TRACEY ID   260541  MaFa_Ykt6-2                     XP_005554250.1 → XP_005554250.2
    TRACEY ID   234193  MeAn_SsoB                       EFY98435.1 → EFY98435.2
    TRACEY ID   235526  MeAn_Snc                        EFY95470.1 → EFY95470.2
    TRACEY ID   390270  CrGi_Npsn_1_replaced            XP_011448146.1 → XP_011448146.2
    TRACEY ID   402450  CrGi_R.IV_7_replaced            XP_011439968.1 → XP_011439968.2
    TRACEY ID   402656  HarSa_R.III_2_replaced          XP_011136992.1 → XP_011136992.2
    TRACEY ID   403510  CrGi_R.III_13_replaced          XP_011427751.1 → XP_011427751.2
    TRACEY ID   381545  CrGi_Qb.II_4_replaced           XP_011432817.1 → XP_011432817.2
    TRACEY ID   388497  SoIn_R.IV_6_replaced            XP_011175188.1 → XP_011175188.2
    TRACEY ID   388498  SoIn_R.IV_4_replaced            XP_011175189.1 → XP_011175189.2
    TRACEY ID   388499  SoIn_R.IV_5_replaced            XP_011175191.1 → XP_011175191.2
    TRACEY ID   206425  CoIm_Bet1-2                     XP_001248726.1 → XP_001248726.2
    TRACEY ID   241433  CoIm_Sft1_replaced              EAS35995.2 → EAS35995.3
    TRACEY ID   242095  BaMi_Sec22_replaced             CCF76159.1 → CCF76159.2
    TRACEY ID   370173  BaMi_R.I_1_replaced             XP_012650567.1 → XP_012650567.2
    TRACEY ID   377341  ZeMa_R.II_3_replaced            XP_008654603.1 → NP_001347371
    TRACEY ID   384232  SoIn_Qb.II_4_replaced           XP_011168228.1 → XP_011168228.2
    TRACEY ID     1578  ArTh_Syp1-plants_1              NP_179418.1 → NP_179418.2
    TRACEY ID   249419  ColLi_Syx8                      XP_005515372.1 → XP_005515372.2
    TRACEY ID   251052  CaPo_Syx2_replaced              XP_003461210.2 → XP_003461210.3
    TRACEY ID   251431  GoGoGo_Syx11_replaced           XP_004044840.1 → XP_004044840.2
    TRACEY ID   276942  MaFa_Ha.IV.Syx_30_replaced      XP_005577816.1 → XP_005577816.2
    TRACEY ID   251635  GoGoGo_Syx18_replaced           XP_004038425.1 → XP_004038425.2
    TRACEY ID   251862  ColLi_SN47_replaced             XP_005512170.1 → XP_005512170.2
    TRACEY ID   252700  PoAb_Syx3_partial_replaced      XP_002821780.1 → XP_002821780.2
    TRACEY ID   255049  CaHi_Syx16_replaced             XP_005688362.1 → XP_005688362.2
    TRACEY ID   255069  CaHi_Ha.III.a_4_replaced        XP_005688365.1 → XP_005688365.2
    TRACEY ID   280473  CaHi_Ha.III.a_6_replaced        XP_005688363.1 → XP_005688363.2
    TRACEY ID   280478  CaHi_Ha.III.a_3_replaced        XP_005688364.1 → XP_005688364.2
    TRACEY ID   330644  CaHi_Ha.III.a_5_replaced        XP_005688366.1 → XP_005688366.2
    TRACEY ID   330645  CaHi_Ha.III.a_2_replaced        XP_005688368.1 → XP_005688368.2
    TRACEY ID   330646  CaHi_Ha.III.a_1_replaced        XP_005688367.1 → XP_005688367.2
    TRACEY ID   256111  TeTh_Syx16_habc                 XP_001023880.2 → XP_001023880.3
    TRACEY ID   257163  PuNy_Syx3_Habc_replaced         XP_005753443.1 → XP_005753443.2
    TRACEY ID   257981  ColLi_Gos28                     XP_005502205.1 → XP_005502205.2
    TRACEY ID   260855  CaHi_Syx1a                      XP_005697847.1 → XP_005697847.2
    TRACEY ID   260901  MuPu_Ha.IV.Syx_33               XP_004770488.1 → XP_004770488.2
    TRACEY ID   260903  MuPu_Ha.IV.Syx_21               XP_004770489.1 → XP_004770489.2
    TRACEY ID   262009  MelUn_Tom2_replaced             XP_005143083.1 → XP_005143083.2
    TRACEY ID   262184  MelUn_Syx13_replaced            XP_005142765.1 → XP_005142765.2
    TRACEY ID   262763  ChrPi_Ha.IV.Syx_194_replaced    XP_005280467.1 → XP_005280467.2
    TRACEY ID   262788  ChrPi_Tom1_replaced             XP_005280484.1 → XP_005280484.2
    TRACEY ID   262781  ChrPi_R.Reg_121_replaced        XP_005280487.1 → XP_005280487.2
    TRACEY ID   262784  ChrPi_R.Reg_56_replaced         XP_005280486.1 → XP_005280486.2
    TRACEY ID   262786  ChrPi_R.Reg_12_replaced         XP_005280485.1 → XP_005280485.2
    TRACEY ID   251482  MaFa_Ha.IV.Syx_2_replaced       XP_005552089.1 → XP_005552089.2
    TRACEY ID   251484  MaFa_Ha.IV.Syx_29_replaced      XP_005552088.1 → XP_005552088.2
    TRACEY ID   263465  ChrPi_Hc.I_20_replaced          XP_005279080.1 → XP_005279080.2
    TRACEY ID   266205  MelUn_Ykt6frag                  XP_005140185.1 → XP_005140185.2
    TRACEY ID   267416  MaZe_Syx2_replaced              XP_004538375.1 → XP_004538375.2
    TRACEY ID   267415  MaZe_Ha.IV.Syx_15_replaced      XP_004538374.1 → XP_004538374.2
    TRACEY ID   267496  ChrPi_Tom2_replaced             XP_005292752.1 → XP_005292752.2
    TRACEY ID   267503  ChrPi_R.Reg_181_replaced        XP_005292754.1 → XP_005292754.2
    TRACEY ID   267506  ChrPi_R.Reg_215_replaced        XP_005292755.1 → XP_005292755.2
    TRACEY ID   267514  ChrPi_R.Reg_14_replaced         XP_005292758.1 → XP_005292758.2
    TRACEY ID   268117  MelUn_Syx19_replaced            XP_005151889.1 → XP_005151889.2
    TRACEY ID   190021  CiIn_R.III_1                    XP_002120624.1 → XP_002120624.2
    TRACEY ID   271580  MelUn_Syx16_replaced            XP_005147602.1 → XP_005147602.2
    TRACEY ID   271559  MelUn_Ha.III.a_84_replaced      XP_005147604.1 → XP_005147604.2
    TRACEY ID   271560  MelUn_Ha.III.a_86_replaced      XP_005147605.1 → XP_005147605.2
    TRACEY ID   271737  MelUn_SN29_replaced             XP_005147818.1 → XP_005147818.2
    TRACEY ID   271879  CaHi_Use1_replaced              XP_005682191.1 → XP_005682191.2
    TRACEY ID   272071  ChrPi_Syx13_replaced            XP_005286311.1 → XP_005286311.2
    TRACEY ID   272157  ChrPi_SN47_replaced             XP_005286336.1 → XP_005286336.2
    TRACEY ID   272158  ChrPi_doubleSNARE_241_replaced  XP_005286338.1 → XP_005286338.2
    TRACEY ID   272558  MaFa_SN29_replaced              XP_005567947.1 → XP_005567947.2
    TRACEY ID   273180  CaHi_Syx13_replaced             XP_005676846.1 → XP_005676846.2
    TRACEY ID   273870  MeAu_Syx7                       XP_005065778.1 → XP_005065778.2
    TRACEY ID   274593  FaCh_Syx16_replaced             XP_005444957.1 → XP_005444957.2
    TRACEY ID   275676  BaBo_Npsn2frag_replaced         XP_001609230.1 → XP_001609230.2
    TRACEY ID   275718  ApCa_SN47_replaced              XP_005113415.1 → XP_005113415.2
    TRACEY ID   276584  PlCh_SyxPM2p_replaced           XP_736739.1 → XP_736739.2
    TRACEY ID   276904  ApCa_Sec22_replaced             XP_005111656.1 → XP_005111656.2
    TRACEY ID   276960  SoAr_Use1_replaced              XP_004616930.1 → XP_004616930.2
    TRACEY ID   277117  MaZe_Syx11                      XP_004540179.1 → XP_004540179.2
    TRACEY ID   277116  MaZe_Ha.IV.Syx_210_replaced     XP_004540178.1 → XP_004540178.2
    TRACEY ID   278291  MaZe_Syx11-2_replaced           XP_004541782.1 → XP_004541782.2
    TRACEY ID   278294  MaZe_Qa.IV_2_replaced           XP_004541781.1 → XP_004541781.2
    TRACEY ID   278373  ChrPi_Sec20_replaced            XP_005298117.1 → XP_005298117.2
    TRACEY ID   278502  AnPl_Syx19_replaced             XP_005017841.1 → XP_005017841.2
    TRACEY ID   278586  SoAr_Memb_replaced              XP_004618035.1 → XP_004618035.2
    TRACEY ID   279221  FaCh_Syx6                       XP_005435956.1 → XP_005435956.2
    TRACEY ID   280899  FaCh_Syx18                      XP_005433190.1 → XP_005433190.2
    TRACEY ID   280964  ChrPi_Sec22_replaced            XP_005311578.1 → XP_005311578.2
    TRACEY ID   281285  ChrPi_Syb2_replaced             XP_005313056.1 → XP_005313056.2
    TRACEY ID   376523  ChrPi_Qb.III.b_1_replaced       XP_008171024.1 → XP_008171024.2
    TRACEY ID   284393  FaCh_doubleSNARE_207_replaced   XP_005441106.1 → XP_005441106.2
    TRACEY ID   285017  FaCh_Vti1a                      XP_005443935.1 → XP_005443935.2
    TRACEY ID   285019  FaCh_Qb.III.b_3                 XP_005443934.1 → XP_005443934.2
    TRACEY ID   286253  FaCh_Gs15                       XP_005445120.1 → XP_005445120.2
    TRACEY ID   286873  ChiLa_Syx4_replaced             XP_005405348.1 → XP_005405348.2
    TRACEY ID   288853  ApCa_SN47part2_replaced         XP_005091799.1 → XP_005091799.2
    TRACEY ID   289034  FaPe_Ykt6frag_replaced          XP_005235808.1 → XP_005235808.2
    TRACEY ID   290562  GoGoGo_SN29_replaced            XP_004063117.1 → XP_004063117.2
    TRACEY ID   292037  FaCh_Sec20                      XP_005439328.1 → XP_005439328.2
    TRACEY ID   294966  GoGoGo_Qa.III.b_92_replaced     XP_004048396.1 → XP_004048396.2
    TRACEY ID   295822  GoGoGo_Syx5_replaced            XP_004051431.1 → XP_004051431.2
    TRACEY ID   296659  DaNo_Syx8                       XP_004460282.1 → XP_004460282.2
    TRACEY ID   297994  SoLy_Syp21_3_replaced           XP_004245948.1 → XP_004245948.2
    TRACEY ID   320939  SoLy_Syx121_replaced            XP_004249403.1 → XP_004249403.2
    TRACEY ID   298692  AnPl_Syx16_3                    XP_005010455.1 → XP_005010455.2
    TRACEY ID   298922  OcDe_Syx1a_replaced             XP_004630486.1 → XP_004630486.2
    TRACEY ID   299265  OrLa_Syx2_replaced              XP_004074905.1 → XP_004074905.2
    TRACEY ID   301660  ZoAl_Ha.III.b_3                 XP_005479702.1 → XP_005479702.2
    TRACEY ID   302202  SoLy_Ykt61_replaced             XP_004242568.1 → XP_004242568.2
    TRACEY ID   302227  ZoAl_Vti1b_replaced             XP_005479973.1 → XP_005479973.2
    TRACEY ID   316545  SoLy_Sec22_replaced             XP_004252403.1 → XP_004252403.2
    TRACEY ID   340498  SoLy_Sec22_2_replaced           XP_004235564.1 → NP_001353318
    TRACEY ID   399808  SoLy_R.I_4_replaced             XP_010314328.1 → XP_010314328.2
    TRACEY ID   377167  FeCa_Syx1_2                     XP_006942119.2 → XP_006942119.3
    TRACEY ID   303718  OvAr_Tom1_replaced              XP_004011450.1 → XP_004011450.2
    TRACEY ID   303717  OvAr_R.Reg_2_replaced           XP_004011451.1 → XP_004011451.2
    TRACEY ID   303830  CoCr_Syx2                       XP_004690887.1 → XP_004690887.2
    TRACEY ID   304094  OvAr_Vti1b_replaced             XP_004010785.1 → XP_004010785.2
    TRACEY ID   304119  DaNo_Syx11_replaced             XP_004452095.1 → XP_004452095.2
    TRACEY ID   373304  DaNo_Ha.IV.Syx_12_replaced      XP_012378202.1 → XP_012378202.2
    TRACEY ID   304254  OvAr_Use1                       XP_004008486.1 → XP_004008486.2
    TRACEY ID   305359  CoCr_doubleSNARE_330            XP_004687933.1 → XP_004687933.2
    TRACEY ID   306229  ZoAl_Tom2_replaced              XP_005486148.1 → XP_005486148.2
    TRACEY ID   306174  ZoAl_R.Reg_8_replaced           XP_005486153.1 → XP_005486153.2
    TRACEY ID   306176  ZoAl_R.Reg_4_replaced           XP_005486155.1 → XP_005486155.2
    TRACEY ID   306177  ZoAl_R.Reg_1_replaced           XP_005486150.1 → XP_005486150.2
    TRACEY ID   306178  ZoAl_R.Reg_7_replaced           XP_005486149.1 → XP_005486149.2
    TRACEY ID   306181  ZoAl_R.Reg_9_replaced           XP_005486152.1 → XP_005486152.2
    TRACEY ID   306183  ZoAl_R.Reg_2_replaced           XP_005486151.1 → XP_005486151.2
    TRACEY ID   306437  ZoAl_Syx18_replaced             XP_005485810.1 → XP_005485810.2
    TRACEY ID   306535  SoLy_Syx111_replaced            XP_004230942.1 → XP_004230942.2
    TRACEY ID   390914  OrLa_Syx1_1                     XP_011491543.1 → XP_011491543.2
    TRACEY ID   307465  ZoAl_Syx16                      XP_005489108.1 → XP_005489108.2
    TRACEY ID   308553  OvAr_Syx17_replaced             XP_004004271.1 → XP_004004271.2
    TRACEY ID   388257  OrLa_R.Reg_6                    XP_011471952.1 → XP_011471952.2
    TRACEY ID   308990  ZoAl_Syx1a_replaced             XP_005491811.1 → XP_005491811.2
    TRACEY ID   309176  CiAr_Syx112_replaced            XP_004512058.1 → XP_004512058.2
    TRACEY ID   309686  AnPl_SN29_replaced              XP_005021223.1 → XP_005021223.2
    TRACEY ID   309750  ZoAl_Syx13                      XP_005492426.1 → XP_005492426.2
    TRACEY ID   310396  ZoAl_Syx19_replaced             XP_005491466.1 → XP_005491466.2
    TRACEY ID   310628  ZoAl_Sec22frag                  XP_005493649.1 → XP_005493649.2
    TRACEY ID   311170  ZoAl_Syx2                       XP_005494064.1 → XP_005494064.2
    TRACEY ID   311271  TuTr_Syx5_replaced              XP_004317362.1 → XP_004317362.2
    TRACEY ID   312359  TuTr_SN29_replaced              XP_004315873.1 → XP_004315873.2
    TRACEY ID   312929  PeCh_Ufe1_replaced              XP_002565848.1 → XP_002565848.2
    TRACEY ID   317023  PsHu_Syx1a_x1_replaced          XP_005525935.1 → XP_005525935.2
    TRACEY ID   317020  AnPl_Syx1A                      XP_005015906.1 → XP_005015906.2
    TRACEY ID   322075  OchPr_Syx16_replaced            XP_004585984.1 → XP_004585984.2
    TRACEY ID   322078  OchPr_Ha.III.a_42_replaced      XP_004585982.1 → XP_004585982.2
    TRACEY ID   322218  IcTr_Syx1a                      XP_005328582.1 → XP_005328582.2
    TRACEY ID   322289  OchPr_Syx3_replaced             XP_004585331.1 → XP_004585331.2
    TRACEY ID   322900  GeFo_Tom1                       XP_005420122.1 → XP_005420122.2
    TRACEY ID   371734  OrOr_Ha.IV.Syx_2_replaced       XP_012392753.1 → XP_012392753.2
    TRACEY ID   323436  CuSa_Syx18_replaced             XP_004138436.1 → XP_004138436.2
    TRACEY ID   324374  OchPr_Syx11_replaced            XP_004587346.1 → XP_004587346.2
    TRACEY ID   437855  CuSa_Qc.I_3_replaced            KGN56855.1 → KGN56855.2
    TRACEY ID   326911  OchPr_Syx13_replaced            XP_004592246.1 → XP_004592246.2
    TRACEY ID   327617  AnPl_Memb                       XP_005027908.1 → XP_005027908.2
    TRACEY ID   327955  IcTr_Syx6_replaced              XP_005319791.1 → XP_005319791.2
    TRACEY ID   327972  OchPr_Tom2_replaced             XP_004577920.1 → XP_004577920.2
    TRACEY ID   328036  OrOr_SN29_replaced              XP_004276072.1 → XP_004276072.2
    TRACEY ID   329650  AnPl_Syx12                      XP_005025319.1 → XP_005025319.2
    TRACEY ID   329784  TaRu_Syx17_replaced             XP_003966197.1 → XP_003966197.2
    TRACEY ID   332877  TaRu_Gos28_replaced             XP_003971043.1 → XP_003971043.2
    TRACEY ID   333240  CuSa_Syx114                     XP_004143398.1 → XP_004143398.2
    TRACEY ID   333392  TaRu_Syx10                      XP_003972315.1 → XP_003972315.2
    TRACEY ID   333559  JaJa_Syx19_replaced             XP_004663361.1 → XP_004663361.2
    TRACEY ID   333911  AnPl_Gos28                      XP_005023193.1 → XP_005023193.2
    TRACEY ID   334151  FicAl_SN29_replaced             XP_005054954.1 → XP_005054954.2
    TRACEY ID   389323  HeGla_Syx1_11_replaced          XP_012927316.1 → XP_012927316.2
    TRACEY ID   336687  CaOw_SyxPM2                     XP_004344383.1 → XP_004344383.2
    TRACEY ID   226316  CaOw_Ha.IV.Syx_1                EFW41630.1 → EFW41630.2
    TRACEY ID   338294  FeCa_Syx19                      XP_004001344.1 → XP_004001344.2
    TRACEY ID   338529  OrOr_Syx2_replaced              XP_004276684.1 → XP_004276684.2
    TRACEY ID   338947  FeCa_SN29_replaced              XP_003995013.1 → XP_003995013.2
    TRACEY ID   339266  FeCa_Syx5_replaced              XP_003993578.1 → XP_003993578.2
    TRACEY ID   387458  FeCa_Syp3-plants_1_replaced     XP_006937498.1 → XP_006937498.2
    TRACEY ID   339865  TaGu_Syx21_replaced             XP_004174206.1 → XP_004174206.2
    TRACEY ID   340102  GeFo_Syx13_replaced             XP_005428752.1 → XP_005428752.2
    TRACEY ID   341672  GeFo_Syx20_replaced             XP_005426679.1 → XP_005426679.2
    TRACEY ID   341740  FeCa_Use1                       XP_003982081.1 → XP_003982081.2
    TRACEY ID   342336  OchPr_Syx19_replaced            XP_004596617.1 → XP_004596617.2
    TRACEY ID   342770  JaJa_Tom1_replaced              XP_004651194.1 → XP_004651194.2
    TRACEY ID   374954  JaJa_Qa.IV_1_replaced           XP_012806656.1 → XP_012806656.2
    TRACEY ID   343944  IcTr_Use1_replaced              XP_005333083.1 → XP_005333083.2
    TRACEY ID   452470  TaGu_Amisyn_1_replaced          XP_012425410.1 → XP_012425410.2
    TRACEY ID   369752  PlRe_Use1_replaced              XP_012762205.1 → XP_012762205.2
    TRACEY ID   369814  PlRe_Vamp7_replaced             XP_012764413.1 → XP_012764413.2
    TRACEY ID   369866  PlRe_Syx18_replaced             XP_012764648.1 → XP_012764648.2
    TRACEY ID   369891  PlRe_Sec20_replaced             XP_012764548.1 → XP_012764548.2
    TRACEY ID   370123  PlRe_Pep12_replaced             XP_012763978.1 → XP_012763978.2
    TRACEY ID   370172  PlVin_5_Bet1_replaced           XP_008623338.1 → XP_008623338.2
    TRACEY ID   370268  PlRe_Npsn2_replaced             XP_012764224.1 → XP_012764224.2
    TRACEY ID   370380  BaMi_SyxPM1_replaced            XP_012649302.1 → XP_012649302.2
    TRACEY ID   370385  PlVin_5_Syx6like_replaced       XP_008622075.1 → XP_008622075.2
    TRACEY ID   370423  PlRe_SyxPM1_replaced            XP_012765366.1 → XP_012765366.2
    TRACEY ID   370608  PlVin_5_SyxPM2_replaced         XP_008626518.1 → XP_008626518.2
    TRACEY ID   370620  PlVin_5_Syx16_replaced          XP_008622670.1 → XP_008622670.2
    TRACEY ID   370718  PlVin_5_Bos1_replaced           XP_008624663.1 → XP_008624663.2
    TRACEY ID   371374  MaNe_Syx11_replaced             XP_011712706.1 → XP_011712706.2
    TRACEY ID   371375  MaNe_Ha.IV.Syx_3_replaced       XP_011712705.1 → XP_011712705.2
    TRACEY ID   371376  MaNe_Ha.IV.Syx_55_replaced      XP_011712704.1 → XP_011712704.2
    TRACEY ID   371688  FuHe_Syx11_like1_replaced       XP_012722888.1 → XP_012722888.2
    TRACEY ID   371709  FuHe_Ha.IV.Syx_5_replaced       XP_012732485.1 → XP_012732485.2
    TRACEY ID   371714  JaJa_SN23_2_replaced            XP_012803862.1 → XP_012803862.2
    TRACEY ID   371717  JaJa_doubleSNARE_3_replaced     XP_012803861.1 → XP_012803861.2
    TRACEY ID   371753  FuHe_R.Reg_5                    XP_012732414.1 → XP_012732414.2
    TRACEY ID   371872  AoNa_Syx4_replaced              XP_012325403.1 → XP_012325403.2
    TRACEY ID   372145  FuHe_Syx2_2_replaced            XP_012721685.1 → XP_012721685.2
    TRACEY ID   372366  MaNe_Syx20_replaced             XP_011750718.1 → XP_011750718.2
    TRACEY ID   372363  MaNe_Ha.III.b_37_replaced       XP_011750717.1 → XP_011750717.2
    TRACEY ID   372365  MaNe_Ha.III.b_8_replaced        XP_011750720.1 → XP_011750720.2
    TRACEY ID   372372  MaNe_Ha.III.b_23_replaced       XP_011750712.1 → XP_011750712.2
    TRACEY ID   372377  MaNe_Ha.III.b_83_replaced       XP_011750715.1 → XP_011750715.2
    TRACEY ID   372378  MaNe_Ha.III.b_57_replaced       XP_011750709.1 → XP_011750709.2
    TRACEY ID   372379  MaNe_Ha.III.b_4_replaced        XP_011750710.1 → XP_011750710.2
    TRACEY ID   372380  MaNe_Ha.III.b_86_replaced       XP_011750711.1 → XP_011750711.2
    TRACEY ID   372466  MaNe_Ha.III.b_42_replaced       XP_011750724.1 → XP_011750724.2
    TRACEY ID   372471  AoNa_Sec22_replaced             XP_012314249.1 → XP_012314249.2
    TRACEY ID     1196  HoSa_Syx20_1                    NP_659440.1 → NP_659440.2
    TRACEY ID   372789  FuHe_Sec22-1_replaced           XP_012720304.1 → XP_012720304.2
    TRACEY ID   372811  OchPr_Syx21N_replaced           XP_012784571.1 → XP_012784571.2
    TRACEY ID   372834  FuHe_Syx2_replaced              XP_012724866.1 → XP_012724866.2
    TRACEY ID   373313  ClHar_SN29_replaced             XP_012669720.1 → XP_012669720.2
    TRACEY ID   373399  FuHe_Syx17_replaced             XP_012704758.1 → XP_012704758.2
    TRACEY ID   373430  ClHar_Syx11_like_replaced       XP_012693579.1 → XP_012693579.2
    TRACEY ID   191822  TaGu_Syx8p                      XP_002186764.1 → XP_002186764.2
    TRACEY ID   373613  ClHar_Syx11_like1_replaced      XP_012693580.1 → XP_012693580.2
    TRACEY ID   307871  OvAr_R.Reg_3_replaced           XP_004003007.1 → XP_004003007.2
    TRACEY ID   373633  OvAr_R.Reg_26_replaced          XP_011950740.1 → XP_011950740.2
    TRACEY ID   391733  LaCro_R.I_5_replaced            XP_010731618.1 → XP_010731618.2
    TRACEY ID   373846  FuHe_Syx11_like2_replaced       XP_012727032.1 → XP_012727032.2
    TRACEY ID   373891  MaNe_Ha.IV.Syx_49_replaced      XP_011754574.1 → XP_011754574.2
    TRACEY ID   373902  ClHar_Tom1b_replaced            XP_012677896.1 → XP_012677896.2
    TRACEY ID   373908  ClHar_Syx11_replaced            XP_012677870.1 → XP_012677870.2
    TRACEY ID   373933  FuHe_Syx18_replaced             XP_012726211.1 → XP_012726211.2
    TRACEY ID   343439  DaNo_Ha.IV.Syx_1                XP_004478019.1 → XP_004478019.2
    TRACEY ID   373978  FuHe_SN47_replaced              XP_012731892.1 → XP_012731892.2
    TRACEY ID   373997  XeTr_Syx2                       XP_012821146.1 → XP_012821146.2
    TRACEY ID   373993  XeTr_Ha.IV.Syx_4                XP_012821143.1 → XP_012821143.2
    TRACEY ID   374119  MaNe_Syx3                       XP_011710917.1 → XP_011710917.2
    TRACEY ID   374117  MaNe_Ha.IV.Syx_58_replaced      XP_011710916.1 → XP_011710916.2
    TRACEY ID   374168  FuHe_Sec22-2_replaced           XP_012716441.1 → XP_012716441.2
    TRACEY ID   374459  MiMur_Qa.III.b_49_replaced      XP_012624451.1 → XP_012624451.2
    TRACEY ID   374461  MiMur_Qa.III.b_89_replaced      XP_012624452.1 → XP_012624452.2
    TRACEY ID   374481  ClHar_Ykt6_replaced             XP_012696134.1 → XP_012696134.2
    TRACEY ID   374498  ClHar_Syx7_replaced             XP_012684826.1 → XP_012684826.2
    TRACEY ID   374743  ClHar_Syx17_replaced            XP_012675898.1 → XP_012675898.2
    TRACEY ID   374988  MiMur_Syx1a_replaced            XP_012597681.1 → XP_012597681.2
    TRACEY ID   375012  ClHar_Syx19_replaced            XP_012675260.1 → XP_012675260.2
    TRACEY ID   375466  AlMi_Vamp4                      XP_006274762.1 → XP_006274762.2
    TRACEY ID   189656  SaKo_Qc.II_12                   XP_002734434.1 → XP_002734434.2
    TRACEY ID   375531  CaFl_Syx17_replaced             XP_011252305.1 → XP_011252305.2
    TRACEY ID   375552  AlMi_Ykt6_replaced              XP_006275078.1 → XP_006275078.2
    TRACEY ID   375587  AlMi_Gs15_replaced              XP_006274947.1 → XP_006274947.2
    TRACEY ID   388048  DiCi_Syx7_replaced              XP_008486796.1 → XP_008486796.2
    TRACEY ID   375722  AsMe_Ykt6_replaced              XP_007234275.1 → XP_007234275.2
    TRACEY ID   375721  AsMe_R.II_39_replaced           XP_007234274.1 → XP_007234274.2
    TRACEY ID   375770  BalAc_Syx1a_replaced            XP_007186606.1 → XP_007186606.2
    TRACEY ID   375780  FeCa_Tom2                       XP_011284231.1 → XP_011284231.2
    TRACEY ID   268304  ChrPi_R.IV_108                  XP_005291374.1 → XP_005291374.2
    TRACEY ID   375989  LaCh_Syb12                      XP_006001349.1 → XP_006001349.2
    TRACEY ID   376173  UrMa_Tom2_replaced              XP_008706410.1 → XP_008706410.2
    TRACEY ID   438994  LeiPa_Qa.II_1_replaced          AIO00897.1 → AIO00897.2
    TRACEY ID   386222  EucGr_R.II_91_replaced          XP_010049864.1 → XP_010049864.2
    TRACEY ID   376811  AmTr_Tom2_replaced              XP_011623149.1 → XP_011623149.2
    TRACEY ID   377003  LepOc_Vti1a_replaced            XP_006630835.1 → XP_006630835.2
    TRACEY ID   377121  AlMi_Syx19_replaced             XP_006261367.1 → XP_006261367.2
    TRACEY ID   385050  BrRa_1_Ykt63_replaced           XP_009120322.1 → XP_009120322.2
    TRACEY ID   377596  CuSa_Sec20_replaced             XP_011656838.1 → XP_011656838.2
    TRACEY ID   377879  SaKo_Gos28_part_replaced        XP_006817928.1 → XP_006817928.2
    TRACEY ID   377965  AsMe_Syx17_replaced             XP_007229514.1 → XP_007229514.2
    TRACEY ID   377998  LepOc_SN23_replaced             XP_006632625.1 → XP_006632625.2
    TRACEY ID   378409  OpHo_Tom2_replaced              XP_009939865.1 → XP_009939865.2
    TRACEY ID   378446  PsyX_Ufe1_114_replaced          XP_009375853.1 → XP_009375853.2
    TRACEY ID   378448  PsyX_Ufe1_17_replaced           XP_009375854.1 → XP_009375854.2
    TRACEY ID   378450  PsyX_Ufe1_121_replaced          XP_009375857.1 → XP_009375857.2
    TRACEY ID   378451  PsyX_Ufe1_115_replaced          XP_009375858.1 → XP_009375858.2
    TRACEY ID   378482  MoPh_R.III_464_replaced         XP_012529569.1 → XP_012529569.2
    TRACEY ID   378488  MoPh_R.III_349_replaced         XP_012529576.1 → XP_012529576.2
    TRACEY ID   378492  MoPh_R.III_105_replaced         XP_012529541.1 → XP_012529541.2
    TRACEY ID   378508  AnoCa_Syx19_replaced            XP_008105945.1 → XP_008105945.2
    TRACEY ID   378637  SoIn_nSyb_replaced              XP_011175185.1 → XP_011175185.2
    TRACEY ID   378783  AlMi_Vti1a_replaced             XP_006278028.1 → XP_006278028.2
    TRACEY ID   378788  AlSi_Endob_replaced             XP_006031244.1 → XP_006031244.2
    TRACEY ID   378867  LepOc_Syx17_replaced            XP_006635799.1 → XP_006635799.2
    TRACEY ID   378907  UrMa_Syx1_59_replaced           XP_008692411.1 → XP_008692411.2
    TRACEY ID   378978  MeAcr_Sft1_replaced             XP_007809034.1 → XP_007809034.2
    TRACEY ID   379077  AlSi_Npsn_45                    XP_006022881.1 → XP_006022881.2
    TRACEY ID   375812  CySe_Syx1_replaced              XP_008336603.1 → XP_008336603.2
    TRACEY ID   379265  ChlSa_Syx4_replaced             XP_007988671.1 → XP_007988671.2
    TRACEY ID   379267  ChlSa_Syx1_251_replaced         XP_007988676.1 → XP_007988676.2
    TRACEY ID   379438  UrMa_Tom1_replaced              XP_008693283.1 → XP_008693283.2
    TRACEY ID   379624  MeRo_Eb-like_replaced           XP_012139916.1 → XP_012139916.2
    TRACEY ID   379625  MeRo_R.III_5_replaced           XP_012139917.1 → XP_012139917.2
    TRACEY ID   379674  EucGr_Sec20_replaced            XP_010065463.1 → XP_010065463.2
    TRACEY ID   379760  BacDo_nSyb_replaced             XP_011199257.1 → XP_011199257.2
    TRACEY ID   379761  BacDo_R.IV_4_replaced           XP_011199256.1 → XP_011199256.2
    TRACEY ID   379811  MeAcr_Bet1_replaced             XP_007806374.1 → XP_007806374.2
    TRACEY ID   380233  StPu_R.IV_2_replaced            XP_011674189.1 → XP_011674189.2
    TRACEY ID   380266  MuDo_nSyb                       XP_011295017.1 → XP_011295017.2
    TRACEY ID   267984  ChrPi_R.III_124                 XP_005292147.1 → XP_005292147.2
    TRACEY ID   380565  AlSi_SN47                       XP_006026486.1 → XP_006026486.2
    TRACEY ID   380584  EucGr_Use1_replaced             XP_010063455.1 → XP_010063455.2
    TRACEY ID   380867  PogBa_Syx17_replaced            XP_011629879.1 → XP_011629879.2
    TRACEY ID   381170  ChrPi_Qc.III_1_replaced         XP_008162046.1 → XP_008162046.2
    TRACEY ID   395120  BacDo_Qb.III.b_2_replaced       XP_011200899.1 → XP_011200899.2
    TRACEY ID   381609  EucGr_Syx181_replaced           XP_010067483.1 → XP_010067483.2
    TRACEY ID   381611  EucGr_Ufe1_5_replaced           XP_010067485.1 → XP_010067485.2
    TRACEY ID   381627  LepOc_Syx2_replaced             XP_006640311.1 → XP_006640311.2
    TRACEY ID   381640  MuDo_SN25frag                   XP_005189287.2 → XP_005189287.3
    TRACEY ID   381807  ChMy_Memb                       XP_007068704.1 → XP_007068704.2
    TRACEY ID   381974  PeSi_R.Reg_219_replaced         XP_006111358.1 → XP_006111358.2
    TRACEY ID   381976  PeSi_R.Reg_521_replaced         XP_006111356.1 → XP_006111356.2
    TRACEY ID   381977  PeSi_R.Reg_1_replaced           XP_006111357.1 → XP_006111357.2
    TRACEY ID   381981  PoRe_Syx11_2_replaced           XP_008395923.1 → XP_008395923.2
    TRACEY ID   381982  PoRe_Syx11_like1_replaced       XP_008395925.1 → XP_008395925.2
    TRACEY ID   381992  PoRe_R.Reg_8_replaced           XP_008395965.1 → XP_008395965.2
    TRACEY ID   400211  CuMe_1_R.I_45_replaced          XP_008460330.1 → XP_008460330.2
    TRACEY ID   400212  CuMe_1_Sec22_2_replaced         XP_008460329.1 → XP_008460329.2
    TRACEY ID   400213  CuMe_1_R.I_44_replaced          XP_008460331.1 → XP_008460331.2
    TRACEY ID   382114  ChlSa_Syx1_4_replaced           XP_007995365.1 → XP_007995365.2
    TRACEY ID   382138  ErEu_Syx11_replaced             XP_007517920.1 → XP_007517920.2
    TRACEY ID   382193  PtAl_Syx2_replaced              XP_006910029.1 → XP_006910029.2
    TRACEY ID   382194  PtAl_Syx1_683_replaced          XP_006910028.1 → XP_006910028.2
    TRACEY ID   382241  StCam_Syx21_replaced            XP_009685981.1 → XP_009685981.2
    TRACEY ID   281375  ChrPi_Qc.II_87_replaced         XP_005313184.1 → XP_005313184.2
    TRACEY ID   382386  PogBa_Eb-like_replaced          XP_011634408.1 → XP_011634408.2
    TRACEY ID   382447  EsLu_Tom2_replaced              XP_010862229.1 → XP_010862229.2
    TRACEY ID   382440  EsLu_R.Reg_4_replaced           XP_010862232.1 → XP_010862232.2
    TRACEY ID   382441  EsLu_R.Reg_3_replaced           XP_010862234.1 → XP_010862234.2
    TRACEY ID   382442  EsLu_R.Reg_2_replaced           XP_010862230.1 → XP_010862230.2
    TRACEY ID   382443  EsLu_R.Reg_1_replaced           XP_010862231.1 → XP_010862231.2
    TRACEY ID   382517  AlSi_Syx13_replaced             XP_006014913.1 → XP_006014913.2
    TRACEY ID   382628  PyBi_Vti1afrag_replaced         XP_007436418.1 → XP_007436418.2
    TRACEY ID   382661  NaVi_Syx20_replaced             XP_008203602.1 → XP_008203602.2
    TRACEY ID   382806  CamFe_Tom1_replaced             XP_006185501.1 → XP_006185501.2
    TRACEY ID   382805  CamFe_R.Reg_52_replaced         XP_006185502.1 → XP_006185502.2
    TRACEY ID   382833  PlXy_SN29_replaced              XP_011559605.1 → XP_011559605.2
    TRACEY ID   396295  ChMy_Syx1b                      XP_007071012.1 → XP_007071012.2
    TRACEY ID   383019  AsMe_Tom1b_replaced             XP_007255723.1 → XP_007255723.2
    TRACEY ID   383023  AsMe_R.Reg_35                   XP_007255722.1 → XP_007255722.2
    TRACEY ID   383030  BacDo_Use1_replaced             XP_011211050.1 → XP_011211050.2
    TRACEY ID   383032  EqPr_Syx11_replaced             XP_008520399.1 → XP_008520399.2
    TRACEY ID   383031  EqPr_Syx1_674_replaced          XP_008520401.1 → XP_008520401.2
    TRACEY ID   383172  PaPan_Syx3_replaced             XP_008950037.1 → XP_008950037.2
    TRACEY ID   383171  PaPan_Syx1_9_replaced           XP_008950036.1 → XP_008950036.2
    TRACEY ID   383360  PyBi_Syx8_replaced              XP_007435617.1 → XP_007435617.2
    TRACEY ID   402506  LepWe_Syx1a_replaced            XP_006743932.1 → XP_006743932.2
    TRACEY ID   385855  PyBi_Syx1a_replaced             XP_007430329.1 → XP_007430329.2
    TRACEY ID   383780  PeSi_Syx1a                      XP_006118811.1 → XP_006118811.2
    TRACEY ID   383790  AsMe_Syx11_replaced             XP_007252023.1 → XP_007252023.2
    TRACEY ID   383796  AsMe_Tom1_replaced              XP_007252031.1 → XP_007252031.2
    TRACEY ID   383789  AsMe_R.Reg_361_replaced         XP_007252030.1 → XP_007252030.2
    TRACEY ID   383797  AsMe_R.Reg_432_replaced         XP_007252032.1 → XP_007252032.2
    TRACEY ID   383920  PogBa_Vamp7_replaced            XP_011638898.1 → XP_011638898.2
    TRACEY ID   383984  CoBr_Syx2_replaced              XP_008632228.1 → XP_008632228.2
    TRACEY ID   384015  PaTi_Syx11_replaced             XP_007096416.1 → XP_007096416.2
    TRACEY ID   384016  PlXy_Memb_replaced              XP_011557794.1 → XP_011557794.2
    TRACEY ID   384225  AsMe_Syx13_replaced             XP_007253105.1 → XP_007253105.2
    TRACEY ID   384256  BacCu_Qa.IV_506_replaced        XP_011196014.1 → XP_011196014.2
    TRACEY ID   384421  UrMa_Syx18_replaced             XP_008683976.1 → XP_008683976.2
    TRACEY ID   384420  UrMa_Ufe1_113_replaced          XP_008683977.1 → XP_008683977.2
    TRACEY ID   384514  PeSi_Cellub                     XP_006118030.1 → XP_006118030.2
    TRACEY ID   384703  AsMe_Ykt6_2_replaced            XP_007250321.1 → XP_007250321.2
    TRACEY ID   384710  ChMy_Syx5_replaced              XP_007070439.1 → XP_007070439.2
    TRACEY ID   384904  AsMe_Syx13_2_replaced           XP_007249654.1 → XP_007249654.2
    TRACEY ID   384986  AsMe_Syx19_replaced             XP_007251736.1 → XP_007251736.2
    TRACEY ID   385061  PyBi_Endob                      XP_007430922.1 → XP_007430922.2
    TRACEY ID   385063  CapCar_Syx11_replaced           XP_010168089.1 → XP_010168089.2
    TRACEY ID   385201  CapCar_Syx1b_replaced           XP_010168268.1 → XP_010168268.2
    TRACEY ID   386500  PlXy_Ufe1_2_replaced            XP_011549808.1 → XP_011549808.2
    TRACEY ID   425405  LeiPa_Qb.III.d_2_replaced       AIN97072.1 → AIN97072.2
    TRACEY ID   385641  UrMa_Sec20_replaced             XP_008690587.1 → XP_008690587.2
    TRACEY ID   385640  UrMa_Sec20_37_replaced          XP_008690588.1 → XP_008690588.2
    TRACEY ID   290680  FrVe_R.I_34                     XP_004304242.1 → XP_004304242.2
    TRACEY ID   386465  MeGa_Syx3_replaced              XP_010709049.1 → XP_010709049.2
    TRACEY ID   380868  MeGa_Syx1_12                    XP_010709047.1 → XP_010709047.2
    TRACEY ID   386541  LaCro_Syx11_2_replaced          XP_010741555.1 → XP_010741555.2
    TRACEY ID   345487  CaOw_Qa.I_2                     XP_004363435.1 → XP_004363435.2
    TRACEY ID   386952  LaCro_Tom2_replaced             XP_010740044.1 → XP_010740044.2
    TRACEY ID   387142  ChMy_Gos28                      XP_007057737.1 → XP_007057737.2
    TRACEY ID   387193  BacCu_Syx4_replaced             XP_011187795.1 → XP_011187795.2
    TRACEY ID   387186  BacCu_Syx1_121_replaced         XP_011187797.1 → XP_011187797.2
    TRACEY ID   387192  BacCu_Syx1_372_replaced         XP_011187796.1 → XP_011187796.2
    TRACEY ID   387360  BacCu_Gos28_replaced            XP_011188021.1 → XP_011188021.2
    TRACEY ID   387398  ChMy_Tom1_replaced              XP_007056322.1 → XP_007056322.2
    TRACEY ID   387401  ChMy_R.Reg_199_replaced         XP_007056323.1 → XP_007056323.2
    TRACEY ID   387437  PyBi_Syb2-2_replaced            XP_007443342.1 → XP_007443342.2
    TRACEY ID   387443  ChMy_Qb.III.b_25                XP_007056398.1 → XP_007056398.2
    TRACEY ID   387448  SoIn_Syx4_replaced              XP_011159282.1 → XP_011159282.2
    TRACEY ID   387476  MuAc_3_Ykt61_replaced           XP_009420506.1 → XP_009420506.2
    TRACEY ID   387579  AsMe_Syx18_replaced             XP_007240750.1 → XP_007240750.2
    TRACEY ID   387601  EgGa_Syx2_replaced              XP_009638131.1 → XP_009638131.2
    TRACEY ID   387708  PlXy_Vamp7_replaced             XP_011568589.1 → XP_011568589.2
    TRACEY ID   387714  DiCi_Gos28_replaced             XP_008485291.1 → XP_008485291.2
    TRACEY ID   387892  ChMy_Syx2                       XP_007055036.1 → XP_007055036.2
    TRACEY ID   388088  LaCh_Myob_replaced              XP_005995239.1 → XP_005995239.2
    TRACEY ID   388366  PlXy_R.II_1_replaced            XP_011557437.1 → XP_011557437.2
    TRACEY ID   388397  LaCh_Ykt6                       XP_005996966.1 → XP_005996966.2
    TRACEY ID     2376  HoSa_Syx11-2                    JE0094 → O75558
    TRACEY ID   388752  AmQu_Syx1_32_replaced           XP_011405064.1 → XP_011405064.2
    TRACEY ID   389006  EgGa_Tom1_replaced              XP_009645254.1 → XP_009645254.2
    TRACEY ID   389026  NeNu_Syx181_replaced            XP_010247309.1 → XP_010247309.2
    TRACEY ID   389052  BacCu_Syx8_replaced             XP_011180592.1 → XP_011180592.2
    TRACEY ID   389234  MoDo_Myob_replaced              XP_007507892.1 → XP_007507892.2
    TRACEY ID     1796  StPu_Syx18_1                    XP_782212.1 → XP_782212.2
    TRACEY ID   389314  SaKo_Syx1_3_replaced            XP_006815743.1 → XP_006815743.2
    TRACEY ID   189486  SaKo_Qa.IV_3                    XP_002734118.1 → XP_002734118.2
    TRACEY ID   389737  LepOc_Syx11_replaced            XP_006625912.1 → XP_006625912.2
    TRACEY ID   389750  LaCh_Memb                       XP_005998638.1 → XP_005998638.2
    TRACEY ID   389817  ChlSa_Syx2_replaced             XP_008003417.1 → XP_008003417.2
    TRACEY ID   389819  ChlSa_Syx1_708_replaced         XP_008003419.1 → XP_008003419.2
    TRACEY ID   389854  LepOc_Myob_replaced             XP_006625614.1 → XP_006625614.2
    TRACEY ID   389859  AsMe_Syx2_2_replaced            XP_007237449.1 → XP_007237449.2
    TRACEY ID   389858  AsMe_Qa.IV_1_replaced           XP_007237448.1 → XP_007237448.2
    TRACEY ID   389878  CamBa_Tom2                      XP_010969174.1 → XP_010969174.2
    TRACEY ID   389879  CamBa_R.Reg_311                 XP_010969173.1 → XP_010969173.2
    TRACEY ID   390026  LaCro_Syx11_replaced            XP_010742212.1 → XP_010742212.2
    TRACEY ID   390027  LaCro_Syx11_like2_replaced      XP_010742211.1 → XP_010742211.2
    TRACEY ID   390122  PyBi_Syx18_replaced             XP_007437315.1 → XP_007437315.2
    TRACEY ID   390397  CrGi_Syx18_replaced             XP_011448546.1 → XP_011448546.2
    TRACEY ID   390761  RhiRo_Syx19_replaced            XP_010355612.1 → XP_010355612.2
    TRACEY ID   391135  CiSi_Sec22_replaced             XP_006465842.1 → XP_006465842.2
    TRACEY ID   391158  BacCu_SN25-2frag                XP_011194175.1 → XP_011194175.2
    TRACEY ID     1133  MuMu_Syx1_1                     NP_031967.1 → NP_031967.2
    TRACEY ID   391237  PsyX_Sec20_replaced             XP_009347752.1 → XP_009347752.2
    TRACEY ID   396297  VicPa_Syx1b_replaced            XP_006201358.1 → XP_006201358.2
    TRACEY ID   391368  AtRo_Syx18_replaced             XP_012256976.1 → XP_012256976.2
    TRACEY ID   391510  PhyCa_Syx11_replaced            XP_007101073.1 → XP_007101073.2
    TRACEY ID   391527  MaBr_Sft1_replaced              XP_007296005.1 → XP_007296005.2
    TRACEY ID   391578  EsLu_Syx19_replaced             XP_010878504.1 → XP_010878504.2
    TRACEY ID   391572  EsLu_Qa.IV_1_replaced           XP_010878507.1 → XP_010878507.2
    TRACEY ID   391573  EsLu_Qa.IV_6_replaced           XP_010878508.1 → XP_010878508.2
    TRACEY ID   391579  EsLu_Syx1_4_replaced            XP_010878506.1 → XP_010878506.2
    TRACEY ID   391580  EsLu_Syx1_6_replaced            XP_010878505.1 → XP_010878505.2
    TRACEY ID   391781  AtRo_Tom_replaced               XP_012258298.1 → XP_012258298.2
    TRACEY ID   391770  AtRo_R.Reg_233_replaced         XP_012258302.1 → XP_012258302.2
    TRACEY ID   391771  AtRo_R.Reg_153_replaced         XP_012258301.1 → XP_012258301.2
    TRACEY ID   391779  AtRo_R.Reg_53_replaced          XP_012258297.1 → XP_012258297.2
    TRACEY ID     1812  StPu_Syx7_1                     XP_793271.1 → XP_793271.2
    TRACEY ID   391869  MyBr_Syx11_replaced             XP_005859152.1 → XP_005859152.2
    TRACEY ID   391918  MyLu_Syx1b                      XP_006103551.1 → XP_006103551.2
    TRACEY ID   392010  CrGi_Syx20                      XP_011454495.1 → XP_011454495.2
    TRACEY ID   392017  CrGi_Qa.IV_5                    XP_011454494.1 → XP_011454494.2
    TRACEY ID   392159  PeSi_Syx16_replaced             XP_006125388.1 → XP_006125388.2
    TRACEY ID   392162  PeSi_Syp4-plants_38_replaced    XP_006125391.1 → XP_006125391.2
    TRACEY ID   392165  PeSi_Syp4-plants_252_replaced   XP_006125393.1 → XP_006125393.2
    TRACEY ID   392166  PeSi_Syp4-plants_254_replaced   XP_006125392.1 → XP_006125392.2
    TRACEY ID   392191  BacDo_Syx16_replaced            XP_011206270.1 → XP_011206270.2
    TRACEY ID   392358  AtRo_Vamp4_replaced             XP_012265350.1 → XP_012265350.2
    TRACEY ID   392359  AtRo_R.IV_1_replaced            XP_012265347.1 → XP_012265347.2
    TRACEY ID   392373  BacDo_Syx8_replaced             XP_011208962.1 → XP_011208962.2
    TRACEY ID   385224  MyLu_R.Reg_541                  XP_006090996.1 → XP_006090996.2
    TRACEY ID   203454  ViVi_Qa.II_1                    XP_002268768.2 → XP_002268768.3
    TRACEY ID   392664  CrGi_R.III_6_replaced           XP_011453517.1 → XP_011453517.2
    TRACEY ID   392667  CrGi_R.III_8                    XP_011453518.1 → XP_011453518.2
    TRACEY ID   392720  AtRo_Syx17_replaced             XP_012267017.1 → XP_012267017.2
    TRACEY ID   392771  BacDo_Syx6_replaced             XP_011207518.1 → XP_011207518.2
    TRACEY ID   392935  EsLu_Syx11_like1_replaced       XP_010880449.1 → XP_010880449.2
    TRACEY ID   392970  PeSi_Use1                       XP_006126879.1 → XP_006126879.2
    TRACEY ID   393015  CalMi_Syx17_replaced            XP_007895626.1 → XP_007895626.2
    TRACEY ID   393014  CalMi_Qa.III.b_58_replaced      XP_007895625.1 → XP_007895625.2
    TRACEY ID   393051  PoAb_Syx4_replaced              XP_009248941.1 → XP_009248941.2
    TRACEY ID   393506  AtRo_Vamp7_replaced             XP_012263154.1 → XP_012263154.2
    TRACEY ID   393681  BoTe_Bet1_replaced              XP_012175654.1 → XP_012175654.2
    TRACEY ID   393800  AsMe_Syx11-like2_replaced       XP_007258232.1 → XP_007258232.2
    TRACEY ID   393882  VicPa_Syx3                      XP_006214960.1 → XP_006214960.2
    TRACEY ID   393895  AsMe_Syx1a_replaced             XP_007258467.1 → XP_007258467.2
    TRACEY ID      669  ApMe_Syx7-x                     XP_396269.1 → XP_396269.2
    TRACEY ID   393957  MyLu_Ykt6                       XP_006106867.1 → XP_006106867.2
    TRACEY ID   394010  PhoDa_Ykt61_replaced            XP_008784146.1 → XP_008784146.2
    TRACEY ID   394034  ThCac_Ykt61_replaced            XP_007011973.1 → XP_007011973.2
    TRACEY ID   394250  PaTr_Syx2_replaced              XP_009424849.1 → XP_009424849.2
    TRACEY ID   394272  CuCa_Tom2_replaced              XP_009555301.1 → XP_009555301.2
    TRACEY ID   394273  CalMi_Syx19_replaced            XP_007885210.1 → XP_007885210.2
    TRACEY ID   394359  BacDo_Syx17_replaced            XP_011210897.1 → XP_011210897.2
    TRACEY ID   394435  BacDo_Sec20_replaced            XP_011210365.1 → XP_011210365.2
    TRACEY ID   394512  BacDo_SN29_replaced             XP_011206868.1 → XP_011206868.2
    TRACEY ID   394876  BacDo_Memb_replaced             XP_011201305.1 → XP_011201305.2
    TRACEY ID   394983  AtRo_Syx20_replaced             XP_012267800.1 → XP_012267800.2
    TRACEY ID   395000  OrCu_Syx1b                      XP_008246935.1 → XP_008246935.2
    TRACEY ID   395236  BacDo_Syx18_replaced            XP_011203110.1 → XP_011203110.2
    TRACEY ID   395251  OrCu_Syx1a                      XP_008247316.1 → XP_008247316.2
    TRACEY ID      197  DaRe_Tomosyn_2                  CAI11975.1 → CAI11975.2
    TRACEY ID     2446  DaRe_Tom2-2                     XP_684781.1 → XP_684781.2
    TRACEY ID   395282  BacDo_Syx5_replaced             XP_011207010.1 → XP_011207010.2
    TRACEY ID   395360  BacDo_SN24_replaced             XP_011198303.1 → XP_011198303.2
    TRACEY ID   395614  CoCoCo_Ykt6                     XP_010388153.1 → XP_010388153.2
    TRACEY ID   395858  ChlSa_Syx19_replaced            XP_007984333.1 → XP_007984333.2
    TRACEY ID   395912  PhoDa_Sec20_replaced            XP_008789477.1 → XP_008789477.2
    TRACEY ID   395913  PhoDa_Sec20_125_replaced        XP_008789478.1 → XP_008789478.2
    TRACEY ID   395955  PeFo_Use1_replaced              XP_007552787.1 → XP_007552787.2
    TRACEY ID   395953  PeFo_Use1_1_replaced            XP_007552788.1 → XP_007552788.2
    TRACEY ID   396270  AsMe_Syx16                      XP_007241605.1 → XP_007241605.2
    TRACEY ID   396271  AsMe_Syp4-plants_93_replaced    XP_007241606.1 → XP_007241606.2
    TRACEY ID   396274  AsMe_Syp4-plants_71_replaced    XP_007241603.1 → XP_007241603.2
    TRACEY ID   396275  AsMe_Syp4-plants_85_replaced    XP_007241604.1 → XP_007241604.2
    TRACEY ID   396376  PaTi_Tom1_replaced              XP_007086941.1 → XP_007086941.2
    TRACEY ID   396375  PaTi_R.Reg_247_replaced         XP_007086942.1 → XP_007086942.2
    TRACEY ID   396530  RhiRo_Syx1_690_replaced         XP_010383305.1 → XP_010383305.2
    TRACEY ID   396551  BuBu_Syx11_replaced             XP_006075273.1 → XP_006075273.2
    TRACEY ID   396552  BuBu_Qa.IV_7_replaced           XP_006075274.1 → XP_006075274.2
    TRACEY ID   396914  PhyCa_Syx4                      XP_007107482.1 → XP_007107482.2
    TRACEY ID   396912  PhyCa_Syx1_584                  XP_007107478.1 → XP_007107478.2
    TRACEY ID   396913  PhyCa_Syx1_406_replaced         XP_007107480.1 → XP_007107480.2
    TRACEY ID   396916  PhyCa_Syx1_723_replaced         XP_007107479.1 → XP_007107479.2
    TRACEY ID   397102  PeMan_Syx1a_replaced            XP_006971370.1 → XP_006971370.2
    TRACEY ID   397282  CrGi_Syx7_replaced              XP_011422090.1 → XP_011422090.2
    TRACEY ID   397281  CrGi_Qa.III.b_6_replaced        XP_011422089.1 → XP_011422089.2
    TRACEY ID   397283  CrGi_Qa.IV_8_replaced           XP_011422088.1 → XP_011422088.2
    TRACEY ID   397285  CrGi_Qa.IV_7_replaced           XP_011422091.1 → XP_011422091.2
    TRACEY ID   187117  CrGr_Syp3-plants_2              XP_003514352.1 → XP_003514352.2
    TRACEY ID   397619  PoRe_Syx2_2_replaced            XP_008415702.1 → XP_008415702.2
    TRACEY ID   397620  PoRe_Syx1_6_replaced            XP_008415701.1 → XP_008415701.2
    TRACEY ID   397655  MyLu_Syx1a                      XP_006088303.1 → XP_006088303.2
    TRACEY ID   397689  MuDo_Syx17_replaced             XP_005180174.1 → XP_005180174.2
    TRACEY ID   397690  CrGi_Vamp42                     XP_011423877.1 → XP_011423877.2
    TRACEY ID   397720  MuDo_R.IV_285_replaced          XP_005180353.1 → XP_005180353.2
    TRACEY ID   397802  CeBi_Syx18_replaced             XP_011338207.1 → XP_011338207.2
    TRACEY ID   397893  MuDo_R.Reg_478_replaced         XP_005179391.1 → XP_005179391.2
    TRACEY ID   397900  CapCar_Sec22frag_replaced       XP_010174100.1 → XP_010174100.2
    TRACEY ID   397927  ApFo_Syx1a_replaced             XP_009274651.1 → XP_009274651.2
    TRACEY ID   397931  PiBu_Syx1a_replaced             XP_009901638.1 → XP_009901638.2
    TRACEY ID   397933  CoBr_Syx1a_replaced             XP_008632720.1 → XP_008632720.2
    TRACEY ID   398399  BuBu_Syx19_replaced             XP_006057091.1 → XP_006057091.2
    TRACEY ID   398588  EsLu_Syx3_replaced              XP_010899729.1 → XP_010899729.2
    TRACEY ID   398706  MoPh_Syx17_replaced             XP_012537934.1 → XP_012537934.2
    TRACEY ID   398707  CrGi_Syx16_replaced             XP_011427390.1 → XP_011427390.2
    TRACEY ID   398709  CrGi_Syp4-plants_2_replaced     XP_011427391.1 → XP_011427391.2
    TRACEY ID   398958  EpFu_Ykt6_replaced              XP_008158850.1 → XP_008158850.2
    TRACEY ID   322361  SeIt_R.II_8                     XP_004970696.1 → XP_004970696.2
    TRACEY ID   192721  StPu_Qa.III_2_replaced          XP_003725861.1 → XP_003725861.2
    TRACEY ID   399371  PeSi_SN23_replaced              XP_006135460.1 → XP_006135460.2
    TRACEY ID   399387  TyAl_Syx19_replaced             XP_009973492.1 → XP_009973492.2
    TRACEY ID   399766  SeCa_Syx2                       XP_009090745.1 → XP_009090745.2
    TRACEY ID   399768  MuDo_Syx20_replaced             XP_005185630.1 → XP_005185630.2
    TRACEY ID   399832  AlMi_SN47_replaced              XP_006272611.1 → XP_006272611.2
    TRACEY ID   399855  SeCa_Tom1_replaced              XP_009091016.1 → XP_009091016.2
    TRACEY ID   399871  MyBr_Syx2_replaced              XP_005873318.1 → XP_005873318.2
    TRACEY ID   400129  PhoDa_Syx18                     XP_008778974.1 → XP_008778974.2
    TRACEY ID   196417  AnoCa_Use1frag                  XP_003230664.1 → XP_003230664.2
    TRACEY ID   400361  MuDo_Syx5_replaced              XP_005184158.1 → XP_005184158.2
    TRACEY ID   273597  AnoCa_Hb.III_1                  XP_003230158.1 → XP_003230158.2
    TRACEY ID   400743  PoRe_Use1_replaced              XP_008406173.1 → XP_008406173.2
    TRACEY ID   400783  ThCac_Sec20_replaced            XP_007035296.1 → XP_007035296.2
    TRACEY ID   400830  MuDo_Syx4-like2_replaced        XP_005181734.1 → XP_005181734.2
    TRACEY ID   400828  MuDo_Qa.IV_2_replaced           XP_005181732.1 → XP_005181732.2
    TRACEY ID   400829  MuDo_Qa.IV_417_replaced         XP_005181733.1 → XP_005181733.2
    TRACEY ID   401053  LiHu_Eb-like_replaced           XP_012221834.1 → XP_012221834.2
    TRACEY ID   403691  CrGi_Syx1_replaced              XP_011451685.1 → XP_011451685.2
    TRACEY ID   401566  BacCu_Syx17_replaced            XP_011183710.1 → XP_011183710.2
    TRACEY ID   401590  CiSi_Sec20_1_replaced           XP_006480234.1 → XP_006480234.2
    TRACEY ID   401750  PoRe_Syx1a_replaced             XP_008424026.1 → XP_008424026.2
    TRACEY ID   402017  BalAc_Tom1_replaced             XP_007196963.1 → XP_007196963.2
    TRACEY ID   402023  BalAc_R.Reg_267_replaced        XP_007196965.1 → XP_007196965.2
    TRACEY ID   402018  XiMa_Syx18_replaced             XP_005798007.1 → XP_005798007.2
    TRACEY ID   402095  AlMi_Syx8_replaced              XP_006271869.1 → XP_006271869.2
    TRACEY ID   402131  BalAc_Syx1_4_replaced           XP_007196566.1 → XP_007196566.2
    TRACEY ID   402137  BalAc_Syx1_700_replaced         XP_007196565.1 → XP_007196565.2
    TRACEY ID   402138  BalAc_Syx1_537_replaced         XP_007196564.1 → XP_007196564.2
    TRACEY ID   402309  AtRo_Gos28_replaced             XP_012252757.1 → XP_012252757.2
    TRACEY ID   402871  MoPh_Syx4_replaced              XP_012531500.1 → XP_012531500.2
    TRACEY ID   402897  CrGi_Qa.III.b_5_replaced        XP_011441697.1 → XP_011441697.2
    TRACEY ID   402999  BalAc_Syx1_7                    XP_007189710.1 → XP_007189710.2
    TRACEY ID   403007  AtRo_Sec20_replaced             XP_012255518.1 → XP_012255518.2
    TRACEY ID   403272  CiSi_Ykt61_replaced             XP_006473984.1 → XP_006473984.2
    TRACEY ID   403398  TyAl_Syx2                       XP_009962892.1 → XP_009962892.2
    TRACEY ID   403778  LiHu_SN25_replaced              XP_012231045.1 → XP_012231045.2
    TRACEY ID   403835  CalMi_Sec22like_replaced        XP_007908424.1 → XP_007908424.2
    TRACEY ID   403872  AtRo_Syb1_replaced              XP_012252965.1 → XP_012252965.2
    TRACEY ID   404046  RaNo_Syx2_replaced              XP_006249312.1 → NP_001402680
    TRACEY ID   379808  RaNo_Syx1_8                     XP_006249311.1 → NP_036880
    TRACEY ID   396062  RaNo_Syx1_9_replaced            XP_006249315.1 → XP_006249315.2
    TRACEY ID   404074  CalMi_Bet1_replaced             XP_007907448.1 → XP_007907448.2
    TRACEY ID   404124  PoRe_Sec20-2_replaced           XP_008417775.1 → XP_008417775.2
    TRACEY ID   404243  CalMi_Tom2_replaced             XP_007906909.1 → XP_007906909.2
    TRACEY ID   404279  MoPh_Vamp4_replaced             XP_012533303.1 → XP_012533303.2
    TRACEY ID   404281  MoPh_R.III_452_replaced         XP_012533304.1 → XP_012533304.2
    TRACEY ID   404282  MoPh_R.III_2_replaced           XP_012533305.1 → XP_012533305.2
    TRACEY ID   404334  SoLy_Qc.I_10_replaced           XP_010317242.1 → XP_010317242.2
    TRACEY ID   404336  SoLy_Qc.I_12_replaced           XP_010317239.1 → XP_010317239.2
    TRACEY ID   404561  CrGi_Syx5_replaced              XP_011445169.1 → XP_011445169.2
    TRACEY ID   404560  CrGi_Syp3-plants_2_replaced     XP_011445170.1 → XP_011445170.2
    TRACEY ID   407149  BrMa_Unc64_replaced             CDQ03888.1 → CDQ03888.2
    TRACEY ID   407151  BrMa_Qa.IV_4_replaced           CDQ03887.1 → CDQ03887.2
    TRACEY ID   407161  BrMa_Qa.IV_5_replaced           CDQ03884.1 → CDQ03884.2
    TRACEY ID     1982  CaAl_Qb.I_1_replaced            XP_719091.1 → XP_719091.2
    TRACEY ID   394159  ScHa_Qc.II_249                  XP_012800771.1 → XP_012800771.2
    TRACEY ID   392704  MicDe_Syp5_7_replaced           XP_008559608.1 → XP_008559608.2
    TRACEY ID   398954  MicDe_Syp5_215_replaced         XP_008559606.1 → XP_008559606.2
    TRACEY ID   422491  HyMi_Gos28_replaced             CDS26611.1 → CDS26611.2
    TRACEY ID   376789  ChMy_Qa.IV_446                  XP_007066151.1 → XP_007066151.2
    TRACEY ID   383737  ScHa_R.IV_410                   XP_012792628.1 → XP_012792628.2
    TRACEY ID   383875  ScHa_Qa.III.a_8_replaced        XP_012793031.1 → XP_012793031.2
    TRACEY ID    10266  BaBo_Sec22frag_replaced         XP_001609987.1 → XP_001609987.2
    TRACEY ID   190156  BaBo_Vam3p_replaced             XP_001610184.1 → XP_001610184.2
    TRACEY ID   196498  PlCh_Syx16frag_replaced         XP_740060.1 → XP_740060.2
    TRACEY ID   200289  BrMa_SN25-hort_replaced         XP_001901835.1 → XP_001901835.2
    TRACEY ID   200955  PlBe_Bos1frag                   XP_671769.1 → XP_671769.2
    TRACEY ID   301975  PlBe_Ha.IV.Syx_1                XP_676235.1 → XP_676235.2

------------------------------------------------------------
IDENTICAL / DUPLICATE SEQUENCES (no NCBI ID, not updated)
------------------------------------------------------------
  Total identical sequences skipped: 1492
    TRACEY ID     3912  HyJe_Snc_2                      (duplicate of TRACEY ID 1017)
    TRACEY ID     4064  TrVa_1_Syx16-22                 (duplicate of TRACEY ID 1455)
    TRACEY ID   447092  LyVa_R.IV_2                     (duplicate of TRACEY ID 2498)
    TRACEY ID     4482  XeTr_SN25a                      (duplicate of TRACEY ID 2546)
    TRACEY ID    10568  AnLo_Use1-2                     (duplicate of TRACEY ID 2667)
    TRACEY ID    11023  TeTh_Vamp715-2                  (duplicate of TRACEY ID 3247)
    TRACEY ID    11031  TeTh_Vamp715-3                  (duplicate of TRACEY ID 3247)
    TRACEY ID     3012  PhNo_Bet1_1                     (duplicate of TRACEY ID 6660)
    TRACEY ID     3020  PhNo_Sft1_1                     (duplicate of TRACEY ID 6668)
    TRACEY ID     3017  PhNo_Syx8-1                     (duplicate of TRACEY ID 6672)
    TRACEY ID     3023  PhNo_Tlg1_old                   (duplicate of TRACEY ID 6673)
    TRACEY ID     3028  PhNo_Use11                      (duplicate of TRACEY ID 6676)
    TRACEY ID     9758  PuGr_Ufe1_1                     (duplicate of TRACEY ID 184387)
    TRACEY ID     3821  PhTr_1_Vti1-3                   (duplicate of TRACEY ID 184393)
    TRACEY ID     3815  PhTr_1_Syx18                    (duplicate of TRACEY ID 184448)
    TRACEY ID     3818  PhTr_1_Vamp7                    (duplicate of TRACEY ID 184468)
    TRACEY ID     3019  PhNo_Vti1_2                     (duplicate of TRACEY ID 184523)
    TRACEY ID     3817  PhTr_1_QcIII2                   (duplicate of TRACEY ID 184661)
    TRACEY ID     4663  PhTr_1_Syx6                     (duplicate of TRACEY ID 184661)
    TRACEY ID     4664  PhTr_1_Syx6like2                (duplicate of TRACEY ID 184661)
    TRACEY ID     3816  PhTr_1_Syx5                     (duplicate of TRACEY ID 184699)
    TRACEY ID     3646  OSLu_1_SNAP-plant_1             (duplicate of TRACEY ID 184705)
    TRACEY ID     3271  OSLu_1_Syp2-plants_1            (duplicate of TRACEY ID 184732)
    TRACEY ID    10802  SoBi_Npsn_1                     (duplicate of TRACEY ID 184776)
    TRACEY ID     3814  PhTr_1_Sec22                    (duplicate of TRACEY ID 184828)
    TRACEY ID     9767  PuGr_Tomosyn_1                  (duplicate of TRACEY ID 184913)
    TRACEY ID     3270  OSLu_1_Npsn_1                   (duplicate of TRACEY ID 184942)
    TRACEY ID     4340  PoTr_Gos1_2                     (duplicate of TRACEY ID 184959)
    TRACEY ID     4370  PoTr_Gos14_old                  (duplicate of TRACEY ID 184959)
    TRACEY ID    10251  PuGr_Sec9-3                     (duplicate of TRACEY ID 184967)
    TRACEY ID     4138  TrVa_1_Syx16-5                  (duplicate of TRACEY ID 185105)
    TRACEY ID     3027  PhNo_Sed5_2                     (duplicate of TRACEY ID 185147)
    TRACEY ID     9955  MiPu_Vamp7_2                    (duplicate of TRACEY ID 185155)
    TRACEY ID     9942  MiPu_Syp4-plants_1              (duplicate of TRACEY ID 185190)
    TRACEY ID     8798  TrAd_Vti1_1                     (duplicate of TRACEY ID 185209)
    TRACEY ID     4312  PoTr_Vamp7_12                   (duplicate of TRACEY ID 185346)
    TRACEY ID     4317  PoTr_Vamp7_1                    (duplicate of TRACEY ID 185346)
    TRACEY ID    10764  SoBi_Vamp7_1                    (duplicate of TRACEY ID 185349)
    TRACEY ID    10790  SoBi_Vamp7_3                    (duplicate of TRACEY ID 185349)
    TRACEY ID     3263  OsTa_Syp4-plants_1              (duplicate of TRACEY ID 185454)
    TRACEY ID     3268  OSLu_1_Gos1_1                   (duplicate of TRACEY ID 185607)
    TRACEY ID     3273  OSLu_1_Sec22                    (duplicate of TRACEY ID 185622)
    TRACEY ID     4642  PhPa_Vamp7_1                    (duplicate of TRACEY ID 185639)
    TRACEY ID    10780  SoBi_Vamp7_2                    (duplicate of TRACEY ID 185684)
    TRACEY ID     3279  OSLu_1_Syp1-plants_1            (duplicate of TRACEY ID 185701)
    TRACEY ID     3259  OsTa_Syp6_old                   (duplicate of TRACEY ID 185712)
    TRACEY ID     4354  PoTr_Vamp7_2                    (duplicate of TRACEY ID 185758)
    TRACEY ID     4372  PoTr_Vamp7_6                    (duplicate of TRACEY ID 185758)
    TRACEY ID     3039  UnRe_Sec20_1                    (duplicate of TRACEY ID 185760)
    TRACEY ID     3272  OSLu_1_Sec20_1                  (duplicate of TRACEY ID 185762)
    TRACEY ID     3135  PhNo_Gos1_2                     (duplicate of TRACEY ID 185861)
    TRACEY ID     3261  OsTa_Syp7_old                   (duplicate of TRACEY ID 185863)
    TRACEY ID     4155  TrVa_1_QbIV2                    (duplicate of TRACEY ID 185865)
    TRACEY ID     3316  NeVe_Ykt6_1                     (duplicate of TRACEY ID 185939)
    TRACEY ID     9957  MiPu_Syp1-plants_1              (duplicate of TRACEY ID 185996)
    TRACEY ID     3282  OSLu_1_Syp3-plants_1            (duplicate of TRACEY ID 186022)
    TRACEY ID     3658  BrFl_Syx7_1                     (duplicate of TRACEY ID 186037)
    TRACEY ID     3665  BrFl_Syx7-2                     (duplicate of TRACEY ID 186037)
    TRACEY ID     3659  BrFl_Syx8_1                     (duplicate of TRACEY ID 186045)
    TRACEY ID     4356  PoTr_Vamp7_7                    (duplicate of TRACEY ID 186112)
    TRACEY ID     8781  TrAd_Gos28_1                    (duplicate of TRACEY ID 186120)
    TRACEY ID    10252  PuGr_Ykt6-2                     (duplicate of TRACEY ID 186164)
    TRACEY ID     3269  OSLu_1_Membrin_1                (duplicate of TRACEY ID 186204)
    TRACEY ID     4605  PhPa_Syp1-plants_1              (duplicate of TRACEY ID 186225)
    TRACEY ID     3880  MyGr_2_Gos1                     (duplicate of TRACEY ID 186231)
    TRACEY ID     3280  OSLu_1_Syp4-plants_1            (duplicate of TRACEY ID 186259)
    TRACEY ID     3890  MyGr_2_SsoB                     (duplicate of TRACEY ID 186265)
    TRACEY ID    10455  PhNo_Sso_2                      (duplicate of TRACEY ID 186313)
    TRACEY ID     2843  PiGu_Ufe1_1                     (duplicate of TRACEY ID 186340)
    TRACEY ID     8776  TrAd_Vamp7_1                    (duplicate of TRACEY ID 186434)
    TRACEY ID     3310  NeVe_Tomosyn_1                  (duplicate of TRACEY ID 186452)
    TRACEY ID     8768  TrAd_Vamp7_3                    (duplicate of TRACEY ID 186465)
    TRACEY ID     4328  PoTr_Gos1_1                     (duplicate of TRACEY ID 186469)
    TRACEY ID     4351  PoTr_Gos1_3                     (duplicate of TRACEY ID 186469)
    TRACEY ID    10767  SoBi_Qa.III.b_1                 (duplicate of TRACEY ID 186488)
    TRACEY ID     3025  PhNo_Pep12_3                    (duplicate of TRACEY ID 186490)
    TRACEY ID     9723  SeMo_Vamp7_4                    (duplicate of TRACEY ID 186492)
    TRACEY ID    47382  SeMo_R.III_2                    (duplicate of TRACEY ID 186492)
    TRACEY ID     3688  BrFl_SN29-3                     (duplicate of TRACEY ID 186497)
    TRACEY ID     3933  BrFl_SN29-2                     (duplicate of TRACEY ID 186497)
    TRACEY ID     3898  MyGr_2_Vti1                     (duplicate of TRACEY ID 186545)
    TRACEY ID     3038  UnRe_Sed5_1                     (duplicate of TRACEY ID 186648)
    TRACEY ID     8767  TrAd_Vti1_2                     (duplicate of TRACEY ID 186662)
    TRACEY ID     7627  CiIn_Vti1_1                     (duplicate of TRACEY ID 186697)
    TRACEY ID     4146  TrVa_1_SyxPM4                   (duplicate of TRACEY ID 186731)
    TRACEY ID     3899  MyGr_2_Ykt6                     (duplicate of TRACEY ID 186748)
    TRACEY ID     9754  SeMo_SNAP-plant_2               (duplicate of TRACEY ID 186754)
    TRACEY ID    46262  SeMo_doubleSNARE_1              (duplicate of TRACEY ID 186754)
    TRACEY ID     3292  NeVe_Gos28_1                    (duplicate of TRACEY ID 186795)
    TRACEY ID     3289  OsTa_Vti1_1                     (duplicate of TRACEY ID 186804)
    TRACEY ID     3657  BrFl_Bet1-2                     (duplicate of TRACEY ID 186816)
    TRACEY ID     3678  BrFl_Bet1-3                     (duplicate of TRACEY ID 186816)
    TRACEY ID     9737  SeMo_Syx18_1                    (duplicate of TRACEY ID 186837)
    TRACEY ID    46946  SeMo_Qa.I_1                     (duplicate of TRACEY ID 186837)
    TRACEY ID     3808  PhTr_1_Gos1                     (duplicate of TRACEY ID 186857)
    TRACEY ID     2831  PiGu_Gos1_1                     (duplicate of TRACEY ID 186892)
    TRACEY ID     8766  TrAd_Ykt6_1                     (duplicate of TRACEY ID 186916)
    TRACEY ID     8787  TrAd_Syx18_1                    (duplicate of TRACEY ID 186918)
    TRACEY ID     3686  BrFl_Ykt6-3                     (duplicate of TRACEY ID 186925)
    TRACEY ID     3932  BrFl_Ykt6-2                     (duplicate of TRACEY ID 186925)
    TRACEY ID     9959  MiPu_Qc.III_1                   (duplicate of TRACEY ID 186948)
    TRACEY ID     3029  UnRe_Pep12_1                    (duplicate of TRACEY ID 186960)
    TRACEY ID     8784  TrAd_Sec20_1                    (duplicate of TRACEY ID 186967)
    TRACEY ID     4065  TrVa_1_Syx16-23                 (duplicate of TRACEY ID 186984)
    TRACEY ID     3024  PhNo_Nyv1_1                     (duplicate of TRACEY ID 186985)
    TRACEY ID     3674  BrFl_Use1_1                     (duplicate of TRACEY ID 187008)
    TRACEY ID     3888  MyGr_2_Snc                      (duplicate of TRACEY ID 187013)
    TRACEY ID     3897  MyGr_2_Vam7                     (duplicate of TRACEY ID 187070)
    TRACEY ID     3896  MyGr_2_Use1                     (duplicate of TRACEY ID 187186)
    TRACEY ID     2872  CoCi_Vam7_old                   (duplicate of TRACEY ID 187190)
    TRACEY ID     4352  PoTr_Syp4-plants_1              (duplicate of TRACEY ID 187215)
    TRACEY ID     4321  PoTr_Vamp7_13                   (duplicate of TRACEY ID 187304)
    TRACEY ID     4350  PoTr_Vamp7_9                    (duplicate of TRACEY ID 187304)
    TRACEY ID     3807  PhTr_1_Bet1                     (duplicate of TRACEY ID 187322)
    TRACEY ID     4496  XeTr_Vamp7_1                    (duplicate of TRACEY ID 187325)
    TRACEY ID     4620  PhPa_Syp1-plants_3              (duplicate of TRACEY ID 187329)
    TRACEY ID    49969  MiGy_Nyv1                       (duplicate of TRACEY ID 187348)
    TRACEY ID     4304  PoTr_Sec20_1                    (duplicate of TRACEY ID 187352)
    TRACEY ID     4467  CiIn_Syb_1                      (duplicate of TRACEY ID 187361)
    TRACEY ID     4486  XeTr_Syx1_1                     (duplicate of TRACEY ID 187434)
    TRACEY ID     3294  NeVe_Membrin_1                  (duplicate of TRACEY ID 187447)
    TRACEY ID     3664  BrFl_SN25-2                     (duplicate of TRACEY ID 187506)
    TRACEY ID     3679  BrFl_SN25-3                     (duplicate of TRACEY ID 187506)
    TRACEY ID     4353  PoTr_Vamp7_8                    (duplicate of TRACEY ID 187522)
    TRACEY ID     4360  PoTr_Vamp7_4                    (duplicate of TRACEY ID 187522)
    TRACEY ID     4315  PoTr_Syp52                      (duplicate of TRACEY ID 187546)
    TRACEY ID     4347  PoTr_Syp53_old                  (duplicate of TRACEY ID 187546)
    TRACEY ID     4319  PoTr_Vamp7_11                   (duplicate of TRACEY ID 187548)
    TRACEY ID     4361  PoTr_Vamp7_10                   (duplicate of TRACEY ID 187548)
    TRACEY ID     4332  PoTr_Syx18_2                    (duplicate of TRACEY ID 187597)
    TRACEY ID     4359  PoTr_Syx18_1                    (duplicate of TRACEY ID 187597)
    TRACEY ID     4600  PhPa_Syp52_old                  (duplicate of TRACEY ID 187672)
    TRACEY ID     3314  NeVe_Vti1_1                     (duplicate of TRACEY ID 187704)
    TRACEY ID     9720  SeMo_Syp1-plants_4              (duplicate of TRACEY ID 187705)
    TRACEY ID     9727  SeMo_Syp1-plants_7              (duplicate of TRACEY ID 187705)
    TRACEY ID    47351  SeMo_Qa.IV_3                    (duplicate of TRACEY ID 187705)
    TRACEY ID    48170  SeMo_Qa.IV_6                    (duplicate of TRACEY ID 187705)
    TRACEY ID     4567  PhPa_Vti1_2                     (duplicate of TRACEY ID 187707)
    TRACEY ID     4603  PhPa_Vti1_1                     (duplicate of TRACEY ID 187707)
    TRACEY ID     9765  PuGr_Vam7_1                     (duplicate of TRACEY ID 187738)
    TRACEY ID     4330  PoTr_Vti1_2                     (duplicate of TRACEY ID 187762)
    TRACEY ID     4369  PoTr_Vti1_1                     (duplicate of TRACEY ID 187762)
    TRACEY ID     4301  PoTr_SNAP-plant_1               (duplicate of TRACEY ID 187767)
    TRACEY ID     4310  PoTr_Membrin_1                  (duplicate of TRACEY ID 187780)
    TRACEY ID     4070  TrVa_1_Syx6                     (duplicate of TRACEY ID 187785)
    TRACEY ID     9968  MiPu_Qb.III_2                   (duplicate of TRACEY ID 187789)
    TRACEY ID     2952  PiSt_1_Pep12_1                  (duplicate of TRACEY ID 187803)
    TRACEY ID     9952  MiPu_Sft1_1                     (duplicate of TRACEY ID 187858)
    TRACEY ID     2955  PiSt_1_Sso_1                    (duplicate of TRACEY ID 187904)
    TRACEY ID     9756  PuGr_Nyv1_1                     (duplicate of TRACEY ID 187911)
    TRACEY ID     9962  MiPu_Syx18_1                    (duplicate of TRACEY ID 188054)
    TRACEY ID     4641  PhPa_Gos1_1                     (duplicate of TRACEY ID 188067)
    TRACEY ID     2873  CoCi_Sec20_1                    (duplicate of TRACEY ID 188099)
    TRACEY ID     3683  BrFl_Gos28_1                    (duplicate of TRACEY ID 188106)
    TRACEY ID     3934  BrFl_Gos28-3                    (duplicate of TRACEY ID 188106)
    TRACEY ID    50509  MiGy_Tom                        (duplicate of TRACEY ID 188114)
    TRACEY ID     3811  PhTr_1_Syx7-2                   (duplicate of TRACEY ID 188190)
    TRACEY ID     3810  PhTr_1_Syx7                     (duplicate of TRACEY ID 188202)
    TRACEY ID     2868  CoCi_Vti1_1                     (duplicate of TRACEY ID 188226)
    TRACEY ID    10766  SoBi_Syp51_old                  (duplicate of TRACEY ID 188235)
    TRACEY ID     9963  MiPu_Membrin_1                  (duplicate of TRACEY ID 188253)
    TRACEY ID     9949  MiPu_Syp6                       (duplicate of TRACEY ID 188313)
    TRACEY ID     2876  CoCi_Tlg1_1                     (duplicate of TRACEY ID 188339)
    TRACEY ID     9757  PuGr_Ykt6_1                     (duplicate of TRACEY ID 188363)
    TRACEY ID     9969  MiPu_Vamp7_1                    (duplicate of TRACEY ID 188374)
    TRACEY ID     2877  CoCi_Ufe1_1                     (duplicate of TRACEY ID 188386)
    TRACEY ID    49768  MiGy_Vam7                       (duplicate of TRACEY ID 188418)
    TRACEY ID     4635  PhPa_Vamp7_3                    (duplicate of TRACEY ID 188480)
    TRACEY ID     4638  PhPa_Vamp7_2                    (duplicate of TRACEY ID 188480)
    TRACEY ID    10799  SoBi_Sec22_1                    (duplicate of TRACEY ID 188496)
    TRACEY ID     4063  TrVa_1_Npsn                     (duplicate of TRACEY ID 188515)
    TRACEY ID    10783  SoBi_Syp1-plants_1              (duplicate of TRACEY ID 188518)
    TRACEY ID    50151  MiGy_Sec22                      (duplicate of TRACEY ID 188548)
    TRACEY ID    10803  SoBi_Syp1-plants_2              (duplicate of TRACEY ID 188596)
    TRACEY ID    49594  MiGy_Snc                        (duplicate of TRACEY ID 188628)
    TRACEY ID     4665  PhTr_1_SyxPM1                   (duplicate of TRACEY ID 188630)
    TRACEY ID     2879  CoCi_Pep12_1                    (duplicate of TRACEY ID 188654)
    TRACEY ID     9755  PuGr_Sec22_1                    (duplicate of TRACEY ID 188675)
    TRACEY ID     4318  PoTr_Syp1-plants_1              (duplicate of TRACEY ID 188685)
    TRACEY ID     4349  PoTr_Syx123frag2                (duplicate of TRACEY ID 188685)
    TRACEY ID     4611  PhPa_Syp1-plants_4              (duplicate of TRACEY ID 188743)
    TRACEY ID     3820  PhTr_1_Vti1-2                   (duplicate of TRACEY ID 188796)
    TRACEY ID     4598  PhPa_Syp1-plants_5              (duplicate of TRACEY ID 188859)
    TRACEY ID     3649  OsTa_SNAP-plant_1               (duplicate of TRACEY ID 188875)
    TRACEY ID     9772  PuGr_Tlg2_1                     (duplicate of TRACEY ID 188898)
    TRACEY ID     9743  SeMo_Sec20_1                    (duplicate of TRACEY ID 188995)
    TRACEY ID    46474  SeMo_Qb.I_1                     (duplicate of TRACEY ID 188995)
    TRACEY ID     3256  OsTa_Sec22_1                    (duplicate of TRACEY ID 189014)
    TRACEY ID     2707  CiIn_Syx8_1                     (duplicate of TRACEY ID 189036)
    TRACEY ID     9738  SeMo_Vti1_1                     (duplicate of TRACEY ID 189044)
    TRACEY ID    45893  SeMo_Qb.III.b_1                 (duplicate of TRACEY ID 189044)
    TRACEY ID    50057  MiGy_Pep12                      (duplicate of TRACEY ID 189046)
    TRACEY ID     9964  MiPu_Ykt6_1                     (duplicate of TRACEY ID 189107)
    TRACEY ID     9965  MiPu_Sec22_1                    (duplicate of TRACEY ID 189142)
    TRACEY ID     9970  MiPu_Vti1_1                     (duplicate of TRACEY ID 189144)
    TRACEY ID    10771  SoBi_Qb.III.d_1                 (duplicate of TRACEY ID 189146)
    TRACEY ID     4346  PoTr_Syp61_old                  (duplicate of TRACEY ID 189211)
    TRACEY ID     4368  PoTr_Syp62_old                  (duplicate of TRACEY ID 189211)
    TRACEY ID     3931  BrFl_Vamp4_1                    (duplicate of TRACEY ID 189259)
    TRACEY ID    50141  MiGy_Sft1                       (duplicate of TRACEY ID 189376)
    TRACEY ID     9750  SeMo_Ykt6_1                     (duplicate of TRACEY ID 189432)
    TRACEY ID    46624  SeMo_R.II_1                     (duplicate of TRACEY ID 189432)
    TRACEY ID     3809  PhTr_1_Npsn                     (duplicate of TRACEY ID 189519)
    TRACEY ID     3302  NeVe_Syx20_1                    (duplicate of TRACEY ID 189549)
    TRACEY ID     9958  MiPu_Syp3-plants_1              (duplicate of TRACEY ID 189559)
    TRACEY ID     9735  SeMo_Vamp7_3                    (duplicate of TRACEY ID 189581)
    TRACEY ID    47918  SeMo_R.III_4                    (duplicate of TRACEY ID 189581)
    TRACEY ID     4052  TrVa_1_Vti11                    (duplicate of TRACEY ID 189746)
    TRACEY ID     3255  OsTa_Sec20_1                    (duplicate of TRACEY ID 189800)
    TRACEY ID     9960  MiPu_Npsn_1                     (duplicate of TRACEY ID 189834)
    TRACEY ID     2709  CiIn_Syx17_1                    (duplicate of TRACEY ID 189842)
    TRACEY ID     3022  PhNo_Sso_3                      (duplicate of TRACEY ID 189902)
    TRACEY ID    50309  MiGy_Bos1                       (duplicate of TRACEY ID 189964)
    TRACEY ID     4313  PoTr_Ykt6_2                     (duplicate of TRACEY ID 189979)
    TRACEY ID     4366  PoTr_Ykt6_1                     (duplicate of TRACEY ID 189979)
    TRACEY ID     2712  CiIn_Gs15_1                     (duplicate of TRACEY ID 190039)
    TRACEY ID     3822  PhTr_1_Ykt6                     (duplicate of TRACEY ID 190067)
    TRACEY ID    10797  SoBi_Sec20_3                    (duplicate of TRACEY ID 190085)
    TRACEY ID    10804  SoBi_Sec20_1                    (duplicate of TRACEY ID 190085)
    TRACEY ID     9728  SeMo_Ykt6_2                     (duplicate of TRACEY ID 190123)
    TRACEY ID     3262  OsTa_Syp1-plants_1              (duplicate of TRACEY ID 190136)
    TRACEY ID     9951  MiPu_Sec20_1                    (duplicate of TRACEY ID 190157)
    TRACEY ID     8794  TrAd_Syx8_1                     (duplicate of TRACEY ID 190202)
    TRACEY ID     2957  PiSt_1_Snc_1                    (duplicate of TRACEY ID 190206)
    TRACEY ID     8782  TrAd_Membrin_1                  (duplicate of TRACEY ID 190218)
    TRACEY ID     2818  AsTe_Bos1_1                     (duplicate of TRACEY ID 190238)
    TRACEY ID     3663  BrFl_Syx5_1                     (duplicate of TRACEY ID 190268)
    TRACEY ID     3681  BrFl_Syx5-2                     (duplicate of TRACEY ID 190268)
    TRACEY ID     3739  MoBr_1_Vti1-1                   (duplicate of TRACEY ID 190285)
    TRACEY ID     2996  ScSc_Syx8_old                   (duplicate of TRACEY ID 190306)
    TRACEY ID     8785  TrAd_Syx6_1                     (duplicate of TRACEY ID 190309)
    TRACEY ID     4306  PoTr_Syp1-plants_6              (duplicate of TRACEY ID 190355)
    TRACEY ID    10785  SoBi_Syp1-plants_3              (duplicate of TRACEY ID 190404)
    TRACEY ID    11275  PoAn_1_Vam7                     (duplicate of TRACEY ID 190412)
    TRACEY ID     3737  MoBr_1_Syx8                     (duplicate of TRACEY ID 190500)
    TRACEY ID     3311  NeVe_Use1_1                     (duplicate of TRACEY ID 190520)
    TRACEY ID     8773  TrAd_Gs15_1                     (duplicate of TRACEY ID 190547)
    TRACEY ID     8799  TrAd_Vamp7_4                    (duplicate of TRACEY ID 190595)
    TRACEY ID     3301  NeVe_Syx1_1                     (duplicate of TRACEY ID 190643)
    TRACEY ID    11273  PoAn_1_Ykt6                     (duplicate of TRACEY ID 190660)
    TRACEY ID     8786  TrAd_Sec22_1                    (duplicate of TRACEY ID 190662)
    TRACEY ID     8769  TrAd_Syx17_1                    (duplicate of TRACEY ID 190804)
    TRACEY ID     3002  ScSc_Vam7_1                     (duplicate of TRACEY ID 190839)
    TRACEY ID    10778  SoBi_Syp1-plants_4              (duplicate of TRACEY ID 190902)
    TRACEY ID     4607  PhPa_Syp3-plants_2              (duplicate of TRACEY ID 190942)
    TRACEY ID     4615  PhPa_Syp3-plants_1              (duplicate of TRACEY ID 190942)
    TRACEY ID     4479  XeTr_Myobrevin_1                (duplicate of TRACEY ID 190973)
    TRACEY ID     3824  NaGr_Syx6_1                     (duplicate of TRACEY ID 191049)
    TRACEY ID     3006  ScSc_Bos1_1                     (duplicate of TRACEY ID 191121)
    TRACEY ID     3829  NaGr_Vamp7_2                    (duplicate of TRACEY ID 191124)
    TRACEY ID     3654  BrFl_Membrin_1                  (duplicate of TRACEY ID 191178)
    TRACEY ID     3672  BrFl_Memb-2                     (duplicate of TRACEY ID 191178)
    TRACEY ID     9763  PuGr_Vti1_1                     (duplicate of TRACEY ID 191194)
    TRACEY ID     9733  SeMo_Syp61_old                  (duplicate of TRACEY ID 191203)
    TRACEY ID     9954  MiPu_Syp2-plants_1              (duplicate of TRACEY ID 191218)
    TRACEY ID    11267  PoAn_1_Snc                      (duplicate of TRACEY ID 191319)
    TRACEY ID     3317  NeVe_Bet1old                    (duplicate of TRACEY ID 191326)
    TRACEY ID     8602  NeVe_Bet1_1                     (duplicate of TRACEY ID 191326)
    TRACEY ID     3881  MyGr_2_Nyv1                     (duplicate of TRACEY ID 191355)
    TRACEY ID     3891  MyGr_2_Syx8                     (duplicate of TRACEY ID 191369)
    TRACEY ID     3719  NaGr_Vamp7_3                    (duplicate of TRACEY ID 191512)
    TRACEY ID     3892  MyGr_2_Tlg1                     (duplicate of TRACEY ID 191516)
    TRACEY ID     8806  TrAd_SNAP47_1                   (duplicate of TRACEY ID 191536)
    TRACEY ID     9953  MiPu_Tomosyn_1                  (duplicate of TRACEY ID 191556)
    TRACEY ID     4334  PoTr_Npsn_2                     (duplicate of TRACEY ID 191632)
    TRACEY ID     4363  PoTr_Npsn_1                     (duplicate of TRACEY ID 191632)
    TRACEY ID     9961  MiPu_Qb.II_1                    (duplicate of TRACEY ID 191667)
    TRACEY ID     2814  AsTe_Tlg2_1                     (duplicate of TRACEY ID 191679)
    TRACEY ID     3312  NeVe_Vamp7_1                    (duplicate of TRACEY ID 191704)
    TRACEY ID     4348  PoTr_Syp2-plants_1              (duplicate of TRACEY ID 191810)
    TRACEY ID     4362  PoTr_Syp2-plants_3              (duplicate of TRACEY ID 191810)
    TRACEY ID     3825  NaGr_Syx6_2                     (duplicate of TRACEY ID 191824)
    TRACEY ID     8779  TrAd_Syx5_1                     (duplicate of TRACEY ID 191861)
    TRACEY ID     2993  ScSc_Vti1_1                     (duplicate of TRACEY ID 191867)
    TRACEY ID     8793  TrAd_Syx16_1                    (duplicate of TRACEY ID 191894)
    TRACEY ID     3305  NeVe_Syx18_1                    (duplicate of TRACEY ID 191895)
    TRACEY ID     3673  BrFl_Vamp7-2                    (duplicate of TRACEY ID 191911)
    TRACEY ID    46050  NaGr_R.III_2                    (duplicate of TRACEY ID 191952)
    TRACEY ID     3894  MyGr_2_Tom                      (duplicate of TRACEY ID 191969)
    TRACEY ID    48814  NaGr_Qa.IV_2                    (duplicate of TRACEY ID 191996)
    TRACEY ID     9762  PuGr_Sec20_1                    (duplicate of TRACEY ID 192001)
    TRACEY ID     2828  AsTe_Vti1_1                     (duplicate of TRACEY ID 192048)
    TRACEY ID    47268  NaGr_R.III_5                    (duplicate of TRACEY ID 192145)
    TRACEY ID     4646  PhPa_Syp1-plants_6              (duplicate of TRACEY ID 192157)
    TRACEY ID    11271  PoAn_1_Sft1                     (duplicate of TRACEY ID 192167)
    TRACEY ID     2823  AsTe_Gos1_1                     (duplicate of TRACEY ID 192201)
    TRACEY ID     2826  AsTe_Syx8_old                   (duplicate of TRACEY ID 192234)
    TRACEY ID     3712  NaGr_Sec22_1                    (duplicate of TRACEY ID 192257)
    TRACEY ID     3715  NaGr_Qa.IV_5                    (duplicate of TRACEY ID 192283)
    TRACEY ID    10456  ScSc_Sso_1                      (duplicate of TRACEY ID 192328)
    TRACEY ID    10457  BoFu_Sso_2                      (duplicate of TRACEY ID 192356)
    TRACEY ID     3005  ScSc_Tomosyn_1                  (duplicate of TRACEY ID 192362)
    TRACEY ID     3003  ScSc_Pep12_1                    (duplicate of TRACEY ID 192565)
    TRACEY ID     3298  NeVe_SNAP29_1                   (duplicate of TRACEY ID 192592)
    TRACEY ID    11280  PoAn_1_Tom                      (duplicate of TRACEY ID 192608)
    TRACEY ID     8765  TrAd_SNAP25_1                   (duplicate of TRACEY ID 192633)
    TRACEY ID     8803  TrAd_Qbcp                       (duplicate of TRACEY ID 192634)
    TRACEY ID    46276  NaGr_Qb.III.d_1                 (duplicate of TRACEY ID 192636)
    TRACEY ID     8778  TrAd_SNAP25_2                   (duplicate of TRACEY ID 192637)
    TRACEY ID     3886  MyGr_2_Sed5                     (duplicate of TRACEY ID 192742)
    TRACEY ID    10779  SoBi_Qc.III.c_1                 (duplicate of TRACEY ID 192791)
    TRACEY ID     4314  PoTr_Syp7_2                     (duplicate of TRACEY ID 192847)
    TRACEY ID     2966  PiSt_1_Ykt6_1                   (duplicate of TRACEY ID 192873)
    TRACEY ID    11265  PoAn_1_Gos1                     (duplicate of TRACEY ID 192879)
    TRACEY ID     3736  MoBr_1_Syx18old                 (duplicate of TRACEY ID 192913)
    TRACEY ID     4513  MoBr_1_Syx18                    (duplicate of TRACEY ID 192913)
    TRACEY ID    10760  PoAn_1_SsoB                     (duplicate of TRACEY ID 192915)
    TRACEY ID     4637  PhPa_Vti1_3                     (duplicate of TRACEY ID 192918)
    TRACEY ID     3132  ThPs_1_Sec22                    (duplicate of TRACEY ID 192921)
    TRACEY ID     9948  MiPu_Syp7_1                     (duplicate of TRACEY ID 193007)
    TRACEY ID    10200  PhPa_SNAP-plant_1               (duplicate of TRACEY ID 193046)
    TRACEY ID    10022  AsOr_Sec20_1                    (duplicate of TRACEY ID 193090)
    TRACEY ID     4324  PoTr_Syp4-plants_2              (duplicate of TRACEY ID 193135)
    TRACEY ID     4343  PoTr_Syp4-plants_3              (duplicate of TRACEY ID 193135)
    TRACEY ID     8789  TrAd_Syx20_1                    (duplicate of TRACEY ID 193152)
    TRACEY ID     3293  NeVe_Gs15_1                     (duplicate of TRACEY ID 193179)
    TRACEY ID     3879  MyGr_2_Bet1                     (duplicate of TRACEY ID 193202)
    TRACEY ID     4054  TrVa_1_SyxPM2                   (duplicate of TRACEY ID 193243)
    TRACEY ID     3827  NaGr_Syx16_1                    (duplicate of TRACEY ID 193278)
    TRACEY ID    10807  SoBi_Qa.I_2                     (duplicate of TRACEY ID 193295)
    TRACEY ID    10808  SoBi_Qa.I_1                     (duplicate of TRACEY ID 193295)
    TRACEY ID    10789  SoBi_Tomosyn_1                  (duplicate of TRACEY ID 193296)
    TRACEY ID    46014  NaGr_R.III_1                    (duplicate of TRACEY ID 193297)
    TRACEY ID     4062  TrVa_1_Ykt6                     (duplicate of TRACEY ID 193341)
    TRACEY ID     3278  OsLu_Syp7_old                   (duplicate of TRACEY ID 193355)
    TRACEY ID     3884  MyGr_2_Sec22                    (duplicate of TRACEY ID 193357)
    TRACEY ID     3315  NeVe_Vti1_2                     (duplicate of TRACEY ID 193362)
    TRACEY ID     3826  NaGr_Syx6_3                     (duplicate of TRACEY ID 193397)
    TRACEY ID     4309  PoTr_Sec22_2                    (duplicate of TRACEY ID 193432)
    TRACEY ID     4311  PoTr_Sec22_1                    (duplicate of TRACEY ID 193432)
    TRACEY ID     4299  PoTr_Vamp7_3                    (duplicate of TRACEY ID 193459)
    TRACEY ID     8792  TrAd_Syb_1                      (duplicate of TRACEY ID 193468)
    TRACEY ID     3303  NeVe_Syx16_1                    (duplicate of TRACEY ID 193495)
    TRACEY ID     3281  OSLu_1_Syx18_1                  (duplicate of TRACEY ID 193567)
    TRACEY ID     4051  TrVa_1_Vamp72                   (duplicate of TRACEY ID 193574)
    TRACEY ID    10805  SoBi_Vamp7_4                    (duplicate of TRACEY ID 193656)
    TRACEY ID     9977  MiCo_Npsn_2123                  (duplicate of TRACEY ID 193710)
    TRACEY ID    47071  NaGr_Qa.IV_3                    (duplicate of TRACEY ID 193711)
    TRACEY ID     8808  TrAd_Syx1_1                     (duplicate of TRACEY ID 193735)
    TRACEY ID     3284  OSLu_1_Vamp7_1                  (duplicate of TRACEY ID 193744)
    TRACEY ID     9764  PuGr_Sec9_1                     (duplicate of TRACEY ID 193745)
    TRACEY ID     9766  PuGr_Sec9-2                     (duplicate of TRACEY ID 193745)
    TRACEY ID    11299  PuGr_1_Snc_1                    (duplicate of TRACEY ID 193748)
    TRACEY ID     3285  OSLu_1_Vti1_1                   (duplicate of TRACEY ID 193880)
    TRACEY ID     3893  MyGr_2_Tlg2                     (duplicate of TRACEY ID 193892)
    TRACEY ID     3276  OsLu_Syp6_old                   (duplicate of TRACEY ID 193899)
    TRACEY ID    48825  SeMo_R.Reg_3                    (duplicate of TRACEY ID 193907)
    TRACEY ID     4158  TrVa_1_Syb1                     (duplicate of TRACEY ID 193924)
    TRACEY ID     8810  TrAd_Syx1_2                     (duplicate of TRACEY ID 194024)
    TRACEY ID     8814  TrAd_Syx1_3                     (duplicate of TRACEY ID 194026)
    TRACEY ID     8809  TrAd_Syx1_4                     (duplicate of TRACEY ID 194028)
    TRACEY ID     4636  PhPa_Ykt6_1                     (duplicate of TRACEY ID 194101)
    TRACEY ID     4645  PhPa_Ykt6_2                     (duplicate of TRACEY ID 194101)
    TRACEY ID     3296  NeVe_Sec22_1                    (duplicate of TRACEY ID 194111)
    TRACEY ID     4066  TrVa_1_SyxPM3                   (duplicate of TRACEY ID 194121)
    TRACEY ID     3007  ScSc_Ufe1_1                     (duplicate of TRACEY ID 194153)
    TRACEY ID    11381  ChRe_Qc.III.b_1                 (duplicate of TRACEY ID 194231)
    TRACEY ID     4056  TrVa_1_Syx5like                 (duplicate of TRACEY ID 194256)
    TRACEY ID     8790  TrAd_Syx7_1                     (duplicate of TRACEY ID 194302)
    TRACEY ID     3300  NeVe_Syb-old                    (duplicate of TRACEY ID 194312)
    TRACEY ID     8638  NeVe_Syb_1                      (duplicate of TRACEY ID 194312)
    TRACEY ID     8815  TrAd_Syb_2                      (duplicate of TRACEY ID 194314)
    TRACEY ID     2812  AsTe_Use1_old                   (duplicate of TRACEY ID 194322)
    TRACEY ID     3714  NaGr_Qa.IV_6                    (duplicate of TRACEY ID 194389)
    TRACEY ID     9746  SeMo_Syp51_old                  (duplicate of TRACEY ID 194405)
    TRACEY ID     3713  NaGr_Qa.IV_7                    (duplicate of TRACEY ID 194418)
    TRACEY ID    47209  NaGr_Qc.II_1                    (duplicate of TRACEY ID 194466)
    TRACEY ID     9771  PuGr_Sso_1                      (duplicate of TRACEY ID 194481)
    TRACEY ID     9759  PuGr_Gos1_1                     (duplicate of TRACEY ID 194495)
    TRACEY ID    10018  AsNg_Ufe1                       (duplicate of TRACEY ID 194520)
    TRACEY ID    47964  NaGr_Qa.IV_4                    (duplicate of TRACEY ID 194548)
    TRACEY ID     3297  NeVe_SNAP25_1                   (duplicate of TRACEY ID 194584)
    TRACEY ID    47074  NaGr_Qa.IV_1                    (duplicate of TRACEY ID 194592)
    TRACEY ID    11266  PoAn_1_Bos1                     (duplicate of TRACEY ID 194631)
    TRACEY ID     3295  NeVe_Sec20_1                    (duplicate of TRACEY ID 194742)
    TRACEY ID    11269  PoAn_1_Sed5                     (duplicate of TRACEY ID 194840)
    TRACEY ID     3885  MyGr_2_Sec9                     (duplicate of TRACEY ID 194874)
    TRACEY ID     3887  MyGr_2_Sft1                     (duplicate of TRACEY ID 194894)
    TRACEY ID     3307  NeVe_Syx6_1                     (duplicate of TRACEY ID 194899)
    TRACEY ID     9725  SeMo_Vti1_2                     (duplicate of TRACEY ID 194980)
    TRACEY ID    46807  SeMo_Qb.III.b_3                 (duplicate of TRACEY ID 194980)
    TRACEY ID     9761  PuGr_Sed5_1                     (duplicate of TRACEY ID 194998)
    TRACEY ID    10763  SoBi_Use11                      (duplicate of TRACEY ID 195034)
    TRACEY ID     3286  OSLu_1_Ykt6                     (duplicate of TRACEY ID 195102)
    TRACEY ID     8774  TrAd_Use1_1                     (duplicate of TRACEY ID 195174)
    TRACEY ID     4616  PhPa_Syp4-plants_1              (duplicate of TRACEY ID 195204)
    TRACEY ID     4630  PhPa_Syp4-plants_2              (duplicate of TRACEY ID 195204)
    TRACEY ID     3313  NeVe_Endobrevin_2               (duplicate of TRACEY ID 195210)
    TRACEY ID     3889  MyGr_2_SsoA                     (duplicate of TRACEY ID 195217)
    TRACEY ID    11277  PoAn_1_Ufe1                     (duplicate of TRACEY ID 195230)
    TRACEY ID     4327  PoTr_Syp3-plants_1              (duplicate of TRACEY ID 195259)
    TRACEY ID     4357  PoTr_Syp3-plants_3              (duplicate of TRACEY ID 195259)
    TRACEY ID     4601  PhPa_Gos1_4                     (duplicate of TRACEY ID 195388)
    TRACEY ID     4623  PhPa_Gos1_2                     (duplicate of TRACEY ID 195388)
    TRACEY ID     3647  OSLu_1_Vti1_2                   (duplicate of TRACEY ID 195423)
    TRACEY ID     4610  PhPa_Vamp7_4                    (duplicate of TRACEY ID 195431)
    TRACEY ID     3883  MyGr_2_Sec20                    (duplicate of TRACEY ID 195491)
    TRACEY ID     4640  PhPa_Syp51_old                  (duplicate of TRACEY ID 195509)
    TRACEY ID     4622  PhPa_Vamp7_5                    (duplicate of TRACEY ID 195559)
    TRACEY ID     4631  PhPa_Vamp7_8                    (duplicate of TRACEY ID 195559)
    TRACEY ID     4633  PhPa_Vamp7_6                    (duplicate of TRACEY ID 195559)
    TRACEY ID     3671  BrFl_SNAP25_2                   (duplicate of TRACEY ID 195639)
    TRACEY ID     3685  BrFl_SN25like-2                 (duplicate of TRACEY ID 195639)
    TRACEY ID    10201  PhPa_SNAP-plant_2               (duplicate of TRACEY ID 195707)
    TRACEY ID     2950  PiSt_1_Sso_2                    (duplicate of TRACEY ID 195801)
    TRACEY ID    45902  NaGr_R.III_6                    (duplicate of TRACEY ID 195922)
    TRACEY ID    46031  NaGr_Qc.III.b_1                 (duplicate of TRACEY ID 195930)
    TRACEY ID     4148  TrVa_1_Vamp76                   (duplicate of TRACEY ID 196056)
    TRACEY ID     4493  XeTr_Tomosyn_1                  (duplicate of TRACEY ID 196094)
    TRACEY ID     2924  LaBi_1_Vam7                     (duplicate of TRACEY ID 196108)
    TRACEY ID     4058  TrVa_1_Syx16-3                  (duplicate of TRACEY ID 196151)
    TRACEY ID     6789  VoCa_Sec20_1                    (duplicate of TRACEY ID 196199)
    TRACEY ID    11295  CoPo_1_Tlg2_1                   (duplicate of TRACEY ID 196207)
    TRACEY ID    11321  CoPo_2_Tlg2-2                   (duplicate of TRACEY ID 196207)
    TRACEY ID     3733  MoBr_1_Syx6                     (duplicate of TRACEY ID 196231)
    TRACEY ID     3009  ScSc_Use1_old                   (duplicate of TRACEY ID 196237)
    TRACEY ID     4153  TrVa_1_Vti13                    (duplicate of TRACEY ID 196250)
    TRACEY ID     4071  TrVa_1_Syx5                     (duplicate of TRACEY ID 196291)
    TRACEY ID     3730  MoBr_1_Syx16                    (duplicate of TRACEY ID 196303)
    TRACEY ID     3732  MoBr_1_Syx16-2                  (duplicate of TRACEY ID 196303)
    TRACEY ID     2936  LaBi_1_Sed5                     (duplicate of TRACEY ID 196376)
    TRACEY ID    10809  SoBi_Syp62_old                  (duplicate of TRACEY ID 196391)
    TRACEY ID     3735  MoBr_1_Syx1                     (duplicate of TRACEY ID 196397)
    TRACEY ID    10762  CoPo_1_Ykt6_1                   (duplicate of TRACEY ID 196419)
    TRACEY ID    47802  NaGr_Qb.III.d_2                 (duplicate of TRACEY ID 196493)
    TRACEY ID    11311  CoPo_1_Sec9_1                   (duplicate of TRACEY ID 196502)
    TRACEY ID    11318  CoPo_2_Sec9-2                   (duplicate of TRACEY ID 196502)
    TRACEY ID     9993  MiCo_Syp5_2123                  (duplicate of TRACEY ID 196544)
    TRACEY ID     4336  PoTr_Syp1-plants_7              (duplicate of TRACEY ID 196569)
    TRACEY ID     4367  PoTr_Syp1-plants_3              (duplicate of TRACEY ID 196569)
    TRACEY ID     4341  PoTr_Syp1-plants_8              (duplicate of TRACEY ID 196574)
    TRACEY ID    11403  ChRe_Qb.III.b_1                 (duplicate of TRACEY ID 196575)
    TRACEY ID     3706  ThPs_1_Gos1                     (duplicate of TRACEY ID 196576)
    TRACEY ID     4570  PhPa_Syp1-plants_7              (duplicate of TRACEY ID 196627)
    TRACEY ID     4566  PhPa_Syp1-plants_10             (duplicate of TRACEY ID 196629)
    TRACEY ID     4644  PhPa_Syp1-plants_8              (duplicate of TRACEY ID 196629)
    TRACEY ID     4569  PhPa_Npsn_1                     (duplicate of TRACEY ID 196658)
    TRACEY ID     4061  TrVa_1_Vamp74                   (duplicate of TRACEY ID 196660)
    TRACEY ID    45540  NaGr_Qc.III.c_1                 (duplicate of TRACEY ID 196694)
    TRACEY ID     3306  NeVe_Syx5_1                     (duplicate of TRACEY ID 196695)
    TRACEY ID     2741  ChRe_Syp1-plants_1              (duplicate of TRACEY ID 196725)
    TRACEY ID    11393  ChRe_Qa.IV_1                    (duplicate of TRACEY ID 196725)
    TRACEY ID     2921  LaBi_1_Sec9                     (duplicate of TRACEY ID 196735)
    TRACEY ID     4344  PoTr_Npsn_3                     (duplicate of TRACEY ID 196736)
    TRACEY ID     3738  MoBr_1_Tom                      (duplicate of TRACEY ID 196740)
    TRACEY ID     4141  TrVa_1_Syx7-2                   (duplicate of TRACEY ID 196749)
    TRACEY ID     6796  VoCa_Syp4-plants_1              (duplicate of TRACEY ID 196782)
    TRACEY ID     2933  LaBi_1_Bet1                     (duplicate of TRACEY ID 196854)
    TRACEY ID     3669  BrFl_Sec22-2                    (duplicate of TRACEY ID 196887)
    TRACEY ID     2917  LaBi_1_Tom                      (duplicate of TRACEY ID 196892)
    TRACEY ID     4049  TrVa_1_Syx16-2                  (duplicate of TRACEY ID 196895)
    TRACEY ID     4068  TrVa_1_Syx16-2dopp              (duplicate of TRACEY ID 196895)
    TRACEY ID     4495  XeTr_Use1_1                     (duplicate of TRACEY ID 196911)
    TRACEY ID     2911  AjCa_Pep12_1_33                 (duplicate of TRACEY ID 196924)
    TRACEY ID     3828  NaGr_Npsn_1                     (duplicate of TRACEY ID 196927)
    TRACEY ID     4490  XeTr_Syx1_2                     (duplicate of TRACEY ID 197028)
    TRACEY ID     3131  ThPs_1_Syx5                     (duplicate of TRACEY ID 197076)
    TRACEY ID     6795  VoCa_Syp1-plants_1              (duplicate of TRACEY ID 197092)
    TRACEY ID     4608  PhPa_Syp61_old                  (duplicate of TRACEY ID 197129)
    TRACEY ID     4331  PoTr_Vti1frag                   (duplicate of TRACEY ID 197187)
    TRACEY ID     4333  PoTr_Vti1_3                     (duplicate of TRACEY ID 197187)
    TRACEY ID     9748  SeMo_Sec22_1                    (duplicate of TRACEY ID 197189)
    TRACEY ID    45757  SeMo_R.I_1                      (duplicate of TRACEY ID 197189)
    TRACEY ID     3687  BrFl_Syb1-2                     (duplicate of TRACEY ID 197195)
    TRACEY ID     4612  PhPa_Sec20_1                    (duplicate of TRACEY ID 197226)
    TRACEY ID     4326  PoTr_Tomosyn_1                  (duplicate of TRACEY ID 197296)
    TRACEY ID     4602  PhPa_Syp2-plants_1              (duplicate of TRACEY ID 197335)
    TRACEY ID     3705  ThPs_1_Bet1                     (duplicate of TRACEY ID 197359)
    TRACEY ID     6804  VoCa_Vti1_1                     (duplicate of TRACEY ID 197370)
    TRACEY ID     4599  PhPa_Syx18_1                    (duplicate of TRACEY ID 197408)
    TRACEY ID     2905  AjCa_Vam7_old                   (duplicate of TRACEY ID 197426)
    TRACEY ID    47451  NaGr_Qb.III.d_3                 (duplicate of TRACEY ID 197429)
    TRACEY ID     6791  VoCa_Sec22_1                    (duplicate of TRACEY ID 197458)
    TRACEY ID     4625  PhPa_Sec22_1                    (duplicate of TRACEY ID 197485)
    TRACEY ID     4639  PhPa_Sec22_2                    (duplicate of TRACEY ID 197485)
    TRACEY ID     6724  ChRe_SNAP-plant_1               (duplicate of TRACEY ID 197508)
    TRACEY ID    11382  ChRe_doubleSNARE_1              (duplicate of TRACEY ID 197508)
    TRACEY ID     2723  ChRe_Syp7_2                     (duplicate of TRACEY ID 197513)
    TRACEY ID    11415  ChRe_Qc.III.c_2                 (duplicate of TRACEY ID 197513)
    TRACEY ID     2743  ChRe_Syp71_neu                  (duplicate of TRACEY ID 197516)
    TRACEY ID    11390  ChRe_Qc.III.c_1                 (duplicate of TRACEY ID 197516)
    TRACEY ID     6787  VoCa_Membrin_1                  (duplicate of TRACEY ID 197545)
    TRACEY ID     4151  TrVa_1_Vamp79                   (duplicate of TRACEY ID 197573)
    TRACEY ID     6805  VoCa_Ykt6_1                     (duplicate of TRACEY ID 197577)
    TRACEY ID    11276  PoAn_1_Sec20                    (duplicate of TRACEY ID 197646)
    TRACEY ID     4060  TrVa_1_Vamp73                   (duplicate of TRACEY ID 197678)
    TRACEY ID     3129  ThPs_1_Syx6-like1               (duplicate of TRACEY ID 197708)
    TRACEY ID     4355  PoTr_Syp7_1                     (duplicate of TRACEY ID 197722)
    TRACEY ID     4667  ThPs_1_Syx5like                 (duplicate of TRACEY ID 197724)
    TRACEY ID     3136  AjCa_Sec22_1                    (duplicate of TRACEY ID 197751)
    TRACEY ID    11302  CoPo_1_Tomosyn_1                (duplicate of TRACEY ID 197859)
    TRACEY ID     2995  ScSc_Sed5_1                     (duplicate of TRACEY ID 197860)
    TRACEY ID     6788  VoCa_Npsn_1                     (duplicate of TRACEY ID 197955)
    TRACEY ID     4149  TrVa_1_Vamp77                   (duplicate of TRACEY ID 197993)
    TRACEY ID     4485  XeTr_Syx16_1                    (duplicate of TRACEY ID 198000)
    TRACEY ID     4629  PhPa_Membrin_1                  (duplicate of TRACEY ID 198009)
    TRACEY ID     3682  BrFl_Vti1_1                     (duplicate of TRACEY ID 198028)
    TRACEY ID     4147  TrVa_1_Tom                      (duplicate of TRACEY ID 198042)
    TRACEY ID     4643  PhPa_Syp2-plants_2              (duplicate of TRACEY ID 198071)
    TRACEY ID     4300  PoTr_Syp1-plants_4              (duplicate of TRACEY ID 198110)
    TRACEY ID     4335  PoTr_Syp1-plants_5              (duplicate of TRACEY ID 198110)
    TRACEY ID     6755  ChRe_Sec20new                   (duplicate of TRACEY ID 198132)
    TRACEY ID    11384  ChRe_Qb.I_1                     (duplicate of TRACEY ID 198132)
    TRACEY ID     4481  XeTr_SNAP25_2                   (duplicate of TRACEY ID 198137)
    TRACEY ID     3718  NaGr_Vamp7_1                    (duplicate of TRACEY ID 198186)
    TRACEY ID     3676  BrFl_Vti1_2                     (duplicate of TRACEY ID 198241)
    TRACEY ID    11306  CoPo_1_Nyv1_1                   (duplicate of TRACEY ID 198259)
    TRACEY ID     6799  VoCa_Syp3-plants_1              (duplicate of TRACEY ID 198267)
    TRACEY ID     4150  TrVa_1_Vamp78                   (duplicate of TRACEY ID 198280)
    TRACEY ID    11380  ChRe_Qa.III.a_1                 (duplicate of TRACEY ID 198350)
    TRACEY ID     4480  XeTr_Sec20_1                    (duplicate of TRACEY ID 198380)
    TRACEY ID     6792  VoCa_SNAP-plant_1               (duplicate of TRACEY ID 198392)
    TRACEY ID    11307  CoPo_Tlg1-2                     (duplicate of TRACEY ID 198410)
    TRACEY ID    11322  CoPo_2_Tlg1                     (duplicate of TRACEY ID 198410)
    TRACEY ID     4568  PhPa_Syp1-plants_9              (duplicate of TRACEY ID 198452)
    TRACEY ID     4647  PhPa_Syp1-plants_2              (duplicate of TRACEY ID 198452)
    TRACEY ID     2991  ScSc_Tlg2_1                     (duplicate of TRACEY ID 198647)
    TRACEY ID     4634  PhPa_Vamp7_7                    (duplicate of TRACEY ID 198811)
    TRACEY ID     3124  ThPs_1_Ykt6                     (duplicate of TRACEY ID 198844)
    TRACEY ID     4624  PhPa_Syp63_old                  (duplicate of TRACEY ID 198867)
    TRACEY ID     3130  ThPs_1_Syx6-like2               (duplicate of TRACEY ID 198872)
    TRACEY ID     4345  PoTr_Syp2-plants_2              (duplicate of TRACEY ID 198889)
    TRACEY ID     4059  TrVa_1_Sec20                    (duplicate of TRACEY ID 198910)
    TRACEY ID     4136  TrVa_1_Gos1                     (duplicate of TRACEY ID 198932)
    TRACEY ID     6793  VoCa_Syp5_old                   (duplicate of TRACEY ID 198938)
    TRACEY ID     9731  SeMo_Sft1_1                     (duplicate of TRACEY ID 199013)
    TRACEY ID    11268  PoAn_1_Tlg1                     (duplicate of TRACEY ID 199046)
    TRACEY ID    10317  ToGo_2_Syx16                    (duplicate of TRACEY ID 199088)
    TRACEY ID    11283  PoAn_1_Sec22                    (duplicate of TRACEY ID 199090)
    TRACEY ID     4609  PhPa_Syp7_2                     (duplicate of TRACEY ID 199110)
    TRACEY ID    10004  PiSt_1_Sec20                    (duplicate of TRACEY ID 199151)
    TRACEY ID     4329  PoTr_Tomosyn_3                  (duplicate of TRACEY ID 199161)
    TRACEY ID     4308  PoTr_Tomosyn_2                  (duplicate of TRACEY ID 199162)
    TRACEY ID    10337  ToGo_2_RIII_2                   (duplicate of TRACEY ID 199205)
    TRACEY ID     9997  MiCo_Qa.IV_1                    (duplicate of TRACEY ID 199233)
    TRACEY ID     3726  MoBr_1_Ykt6                     (duplicate of TRACEY ID 199356)
    TRACEY ID     3707  ThPs_1_Syx18                    (duplicate of TRACEY ID 199375)
    TRACEY ID     2956  PiSt_1_Tlg1_1                   (duplicate of TRACEY ID 199400)
    TRACEY ID     4316  PoTr_Syp1-plants_9              (duplicate of TRACEY ID 199407)
    TRACEY ID     4320  PoTr_Syp1-plants_2              (duplicate of TRACEY ID 199407)
    TRACEY ID     2961  PiSt_1_Bos1                     (duplicate of TRACEY ID 199419)
    TRACEY ID     9722  SeMo_Syp7_1                     (duplicate of TRACEY ID 199422)
    TRACEY ID    10341  ToGo_2_Vti13                    (duplicate of TRACEY ID 199442)
    TRACEY ID    49466  NaGr_R.IV_2                     (duplicate of TRACEY ID 199445)
    TRACEY ID     3728  MoBr_1_Sec22-2                  (duplicate of TRACEY ID 199452)
    TRACEY ID     2964  PiSt_1_Sec9_1                   (duplicate of TRACEY ID 199477)
    TRACEY ID     2934  LaBi_1_Tlg2                     (duplicate of TRACEY ID 199517)
    TRACEY ID     2992  ScSc_Sso_2                      (duplicate of TRACEY ID 199570)
    TRACEY ID     3721  NaGr_Ykt6_1                     (duplicate of TRACEY ID 199592)
    TRACEY ID     6800  VoCa_Vamp7_1                    (duplicate of TRACEY ID 199624)
    TRACEY ID    11165  PaBr_1_Sed5                     (duplicate of TRACEY ID 199632)
    TRACEY ID    11178  PaBr_Sed5-2                     (duplicate of TRACEY ID 199632)
    TRACEY ID    11204  PaBr_Sed5-3                     (duplicate of TRACEY ID 199632)
    TRACEY ID    11189  PaBr_1_Bos1                     (duplicate of TRACEY ID 199649)
    TRACEY ID     3734  MoBr_1_Syx7                     (duplicate of TRACEY ID 199750)
    TRACEY ID     2954  PiSt_1_Tlg2_1                   (duplicate of TRACEY ID 199762)
    TRACEY ID     2963  PiSt_1_Nyv1_1                   (duplicate of TRACEY ID 199797)
    TRACEY ID     2962  PiSt_1_Sed5_1                   (duplicate of TRACEY ID 199879)
    TRACEY ID     2994  ScSc_Tlg1_old                   (duplicate of TRACEY ID 199882)
    TRACEY ID     3717  NaGr_Syx16_2                    (duplicate of TRACEY ID 199884)
    TRACEY ID     3125  ThPs_1_Bos1                     (duplicate of TRACEY ID 199899)
    TRACEY ID     3127  ThPs_1_Syx16                    (duplicate of TRACEY ID 199902)
    TRACEY ID     4494  XeTr_Tomosyn_2                  (duplicate of TRACEY ID 199932)
    TRACEY ID    11293  CoPo_1_Sec22_1                  (duplicate of TRACEY ID 200029)
    TRACEY ID     2816  AsTe_Sso_1                      (duplicate of TRACEY ID 200054)
    TRACEY ID     2967  PiSt_1_Pep12_2                  (duplicate of TRACEY ID 200086)
    TRACEY ID    10810  SoBi_SNAP-plant_1               (duplicate of TRACEY ID 200087)
    TRACEY ID    46702  NaGr_R.III_7                    (duplicate of TRACEY ID 200095)
    TRACEY ID    46774  NaGr_R.III_4                    (duplicate of TRACEY ID 200101)
    TRACEY ID     4325  PoTr_SNAP-plant_2               (duplicate of TRACEY ID 200103)
    TRACEY ID    11272  PoAn_1_Tlg2                     (duplicate of TRACEY ID 200111)
    TRACEY ID     9721  SeMo_SNAP-plant_1               (duplicate of TRACEY ID 200138)
    TRACEY ID    48108  SeMo_doubleSNARE_2              (duplicate of TRACEY ID 200138)
    TRACEY ID    10768  SoBi_Ykt6_3                     (duplicate of TRACEY ID 200192)
    TRACEY ID    10774  SoBi_Syp61_old                  (duplicate of TRACEY ID 200194)
    TRACEY ID    11309  CoPo_1_Snc_1                    (duplicate of TRACEY ID 200222)
    TRACEY ID     3723  MoBr_1_Gos1                     (duplicate of TRACEY ID 200235)
    TRACEY ID     3711  NaGr_Bos1_1                     (duplicate of TRACEY ID 200293)
    TRACEY ID    11270  PoAn_1_SsoA                     (duplicate of TRACEY ID 200315)
    TRACEY ID     3729  MoBr_1_Vamp7                    (duplicate of TRACEY ID 200347)
    TRACEY ID    10557  MoBr_1_Vamp7est                 (duplicate of TRACEY ID 200347)
    TRACEY ID    10786  SoBi_Gos1_1                     (duplicate of TRACEY ID 200389)
    TRACEY ID     4157  TrVa_1_Vti14                    (duplicate of TRACEY ID 200400)
    TRACEY ID     2930  LaBi_1_Vti1                     (duplicate of TRACEY ID 200401)
    TRACEY ID     4627  PhPa_Vti1_4                     (duplicate of TRACEY ID 200450)
    TRACEY ID     2953  PiSt_1_Gos1                     (duplicate of TRACEY ID 200501)
    TRACEY ID    10339  ToGo_2_RIV                      (duplicate of TRACEY ID 200524)
    TRACEY ID    10796  SoBi_Vamp7_5                    (duplicate of TRACEY ID 200557)
    TRACEY ID     4303  PoTr_Hc.I_1                     (duplicate of TRACEY ID 200567)
    TRACEY ID     2951  PiSt_1_Vti1                     (duplicate of TRACEY ID 200736)
    TRACEY ID    11308  PoAn_1_Sec9                     (duplicate of TRACEY ID 200772)
    TRACEY ID     3823  NaGr_Syx5_1                     (duplicate of TRACEY ID 200775)
    TRACEY ID     4137  TrVa_1_Syx7-4                   (duplicate of TRACEY ID 200785)
    TRACEY ID     2919  LaBi_1_Ufe1                     (duplicate of TRACEY ID 200850)
    TRACEY ID     2931  LaBi_1_Gos1                     (duplicate of TRACEY ID 200858)
    TRACEY ID     3740  MoBr_1_Vti1-2                   (duplicate of TRACEY ID 200861)
    TRACEY ID     3724  MoBr_1_Bet1                     (duplicate of TRACEY ID 200865)
    TRACEY ID    10340  ToGo_2_Vti11                    (duplicate of TRACEY ID 200964)
    TRACEY ID    11284  PoAn_1_Vti1                     (duplicate of TRACEY ID 200994)
    TRACEY ID     4069  TrVa_1_Vamp75                   (duplicate of TRACEY ID 201016)
    TRACEY ID     3716  NaGr_Qa.IV_10                   (duplicate of TRACEY ID 201040)
    TRACEY ID     2922  LaBi_1_Pep12                    (duplicate of TRACEY ID 201056)
    TRACEY ID     4358  PoTr_Syp3-plants_2              (duplicate of TRACEY ID 201062)
    TRACEY ID     2825  AsTe_Pep12_1                    (duplicate of TRACEY ID 201070)
    TRACEY ID     4487  XeTr_Syx1_3                     (duplicate of TRACEY ID 201121)
    TRACEY ID    11156  PaBr_Sec22-2                    (duplicate of TRACEY ID 201184)
    TRACEY ID    11159  PaBr_1_Sec22_1                  (duplicate of TRACEY ID 201184)
    TRACEY ID    11190  PaBr_Sec22-3                    (duplicate of TRACEY ID 201184)
    TRACEY ID    11274  PoAn_1_Use1                     (duplicate of TRACEY ID 201213)
    TRACEY ID     3725  MoBr_1_R1                       (duplicate of TRACEY ID 201243)
    TRACEY ID     3731  MoBr_1_Vamp72                   (duplicate of TRACEY ID 201243)
    TRACEY ID     3830  NaGr_Npsn_2                     (duplicate of TRACEY ID 201247)
    TRACEY ID    10290  ToGo_2_Bos1                     (duplicate of TRACEY ID 201269)
    TRACEY ID     6794  VoCa_Syp6_old                   (duplicate of TRACEY ID 201329)
    TRACEY ID     2929  LaBi_1_Sso                      (duplicate of TRACEY ID 201354)
    TRACEY ID     4142  TrVa_1_Syx7-3                   (duplicate of TRACEY ID 201359)
    TRACEY ID     3133  ThPs_1_Npsn                     (duplicate of TRACEY ID 201385)
    TRACEY ID    11180  PaBr_Vam7_old                   (duplicate of TRACEY ID 201408)
    TRACEY ID    11192  PaBr_Vam7-2                     (duplicate of TRACEY ID 201408)
    TRACEY ID    10320  ToGo_2_Syx5                     (duplicate of TRACEY ID 201438)
    TRACEY ID     4483  XeTr_SNAP25_3                   (duplicate of TRACEY ID 201474)
    TRACEY ID     3128  ThPs_1_Pep12frag                (duplicate of TRACEY ID 201495)
    TRACEY ID     4669  ThPs_1_Syx72                    (duplicate of TRACEY ID 201495)
    TRACEY ID    11201  PaBr_1_Nyv1_1                   (duplicate of TRACEY ID 201516)
    TRACEY ID    11206  PaBr_Nyv1-2                     (duplicate of TRACEY ID 201516)
    TRACEY ID    11279  PoAn_1_Nyv1                     (duplicate of TRACEY ID 201533)
    TRACEY ID    10775  SoBi_Syp1-plants_5              (duplicate of TRACEY ID 201586)
    TRACEY ID     4322  PoTr_Vamp7_5                    (duplicate of TRACEY ID 201622)
    TRACEY ID     3126  ThPs_1_SyxPM1                   (duplicate of TRACEY ID 201654)
    TRACEY ID    48378  NaGr_R.III_3                    (duplicate of TRACEY ID 201673)
    TRACEY ID    11278  PoAn_1_Pep12                    (duplicate of TRACEY ID 201674)
    TRACEY ID    10314  ToGo_2_Sec22                    (duplicate of TRACEY ID 201715)
    TRACEY ID     2918  LaBi_1_Sec22                    (duplicate of TRACEY ID 201743)
    TRACEY ID     4619  PhPa_Syp7_1                     (duplicate of TRACEY ID 201813)
    TRACEY ID     4072  TrVa_1_Syx8                     (duplicate of TRACEY ID 201816)
    TRACEY ID     4606  PhPa_Npsn_2                     (duplicate of TRACEY ID 201875)
    TRACEY ID    11282  PoAn_1_Bet1                     (duplicate of TRACEY ID 201879)
    TRACEY ID    11167  PaBr_1_Sec9                     (duplicate of TRACEY ID 201892)
    TRACEY ID    11191  PaBr_Sec9-2                     (duplicate of TRACEY ID 201892)
    TRACEY ID    11196  PaBr_Sec9p                      (duplicate of TRACEY ID 201892)
    TRACEY ID     2666  CiIn_Vamp4_1                    (duplicate of TRACEY ID 201970)
    TRACEY ID   182650  MiGy_Sec20                      (duplicate of TRACEY ID 201992)
    TRACEY ID     2838  PiGu_Bos1_1                     (duplicate of TRACEY ID 202025)
    TRACEY ID    11184  PaBr_Tom-3                      (duplicate of TRACEY ID 202042)
    TRACEY ID     4302  PoTr_Syp51_old                  (duplicate of TRACEY ID 202044)
    TRACEY ID    11376  ChRe_R.II_1                     (duplicate of TRACEY ID 202061)
    TRACEY ID     2846  PiGu_Sso_1                      (duplicate of TRACEY ID 202062)
    TRACEY ID    49681  MiGy_Vti1                       (duplicate of TRACEY ID 202113)
    TRACEY ID    50276  MiGy_Bet1                       (duplicate of TRACEY ID 202180)
    TRACEY ID     2740  ChRe_Sft1_1                     (duplicate of TRACEY ID 202181)
    TRACEY ID    11385  ChRe_Qc.II_1                    (duplicate of TRACEY ID 202181)
    TRACEY ID     6797  VoCa_Syp4-plants_2              (duplicate of TRACEY ID 202188)
    TRACEY ID     4604  PhPa_Gos1_3                     (duplicate of TRACEY ID 202226)
    TRACEY ID     6786  VoCa_Gos1_1                     (duplicate of TRACEY ID 202319)
    TRACEY ID    10333  ToGo_2_Ykt62-2                  (duplicate of TRACEY ID 202333)
    TRACEY ID    11158  PaBr_Use1-2                     (duplicate of TRACEY ID 202350)
    TRACEY ID    11182  PaBr_Use1_old                   (duplicate of TRACEY ID 202350)
    TRACEY ID    11186  PaBr_Use1-3                     (duplicate of TRACEY ID 202350)
    TRACEY ID     6764  PoPlc_Sec20_1                   (duplicate of TRACEY ID 202351)
    TRACEY ID    10321  ToGo_2_Syx6-like                (duplicate of TRACEY ID 202353)
    TRACEY ID    10315  ToGo_2_Syp5                     (duplicate of TRACEY ID 202364)
    TRACEY ID     3819  PhTr_1_Vti1                     (duplicate of TRACEY ID 202373)
    TRACEY ID    11155  PaBr_1_Ykt6_1                   (duplicate of TRACEY ID 202536)
    TRACEY ID    11202  PaBr_Ykt6-2                     (duplicate of TRACEY ID 202536)
    TRACEY ID     2832  PiGu_Pep12_2                    (duplicate of TRACEY ID 202550)
    TRACEY ID     2746  ChRe_Vamp7_7                    (duplicate of TRACEY ID 202577)
    TRACEY ID    11402  ChRe_R.III_2                    (duplicate of TRACEY ID 202577)
    TRACEY ID     9730  SeMo_Use1_old                   (duplicate of TRACEY ID 202590)
    TRACEY ID     9734  SeMo_Use1-2                     (duplicate of TRACEY ID 202590)
    TRACEY ID    10312  ToGo_2_Sec20                    (duplicate of TRACEY ID 202621)
    TRACEY ID     2935  LaBi_1_Tlg1                     (duplicate of TRACEY ID 202687)
    TRACEY ID    11164  PaBr_1_Gos1                     (duplicate of TRACEY ID 202724)
    TRACEY ID    11168  PaBr_Gos1-2                     (duplicate of TRACEY ID 202724)
    TRACEY ID     4632  PhPa_Membrin_2                  (duplicate of TRACEY ID 202734)
    TRACEY ID     3033  UnRe_Syx8_old                   (duplicate of TRACEY ID 202752)
    TRACEY ID    50545  MiGy_Sed5                       (duplicate of TRACEY ID 202822)
    TRACEY ID     2904  AjCa_Ufe1_old                   (duplicate of TRACEY ID 202826)
    TRACEY ID     2923  LaBi_1_Sec20                    (duplicate of TRACEY ID 202834)
    TRACEY ID    11416  ChRe_R.III_8                    (duplicate of TRACEY ID 202857)
    TRACEY ID    11406  ChRe_R.III_4                    (duplicate of TRACEY ID 202859)
    TRACEY ID     2928  LaBi_1_Ykt6                     (duplicate of TRACEY ID 202911)
    TRACEY ID     9740  SeMo_Membrin_1                  (duplicate of TRACEY ID 202913)
    TRACEY ID    49538  SeMo_Qb.II_1                    (duplicate of TRACEY ID 202913)
    TRACEY ID     2932  LaBi_1_Syx8                     (duplicate of TRACEY ID 202920)
    TRACEY ID    11187  PaBr_Vti1-2                     (duplicate of TRACEY ID 202922)
    TRACEY ID    11198  PaBr_1_Vti1                     (duplicate of TRACEY ID 202922)
    TRACEY ID    50068  MiGy_Syx8                       (duplicate of TRACEY ID 202929)
    TRACEY ID     4342  PoTr_Tomosyn_4                  (duplicate of TRACEY ID 202931)
    TRACEY ID    10811  SoBi_Qa.III.a_1                 (duplicate of TRACEY ID 202940)
    TRACEY ID    11169  PaBr_1_Sso                      (duplicate of TRACEY ID 203047)
    TRACEY ID    11176  PaBr_SsoB-2                     (duplicate of TRACEY ID 203047)
    TRACEY ID    11179  PaBr_SsoB-3                     (duplicate of TRACEY ID 203047)
    TRACEY ID     4666  PhTr_1_Vamp72                   (duplicate of TRACEY ID 203051)
    TRACEY ID     2742  ChRe_Syx5_neu                   (duplicate of TRACEY ID 203092)
    TRACEY ID    11396  ChRe_Qa.II_1                    (duplicate of TRACEY ID 203092)
    TRACEY ID    50205  MiGy_Sec9                       (duplicate of TRACEY ID 203124)
    TRACEY ID    10787  SoBi_Vti1_3                     (duplicate of TRACEY ID 203148)
    TRACEY ID    11346  AmQu_SN25p                      (duplicate of TRACEY ID 203164)
    TRACEY ID    50386  MiGy_Tlg2                       (duplicate of TRACEY ID 203182)
    TRACEY ID     3320  ChRe_Use1_1                     (duplicate of TRACEY ID 203203)
    TRACEY ID    11428  ChRe_Qc.I_1                     (duplicate of TRACEY ID 203203)
    TRACEY ID     9736  SeMo_Syp2-plants_2              (duplicate of TRACEY ID 203248)
    TRACEY ID    45594  SeMo_Qa.III.b_3                 (duplicate of TRACEY ID 203248)
    TRACEY ID     3021  PhNo_Sec22_1                    (duplicate of TRACEY ID 203258)
    TRACEY ID     3928  BrFl_Tom2-2                     (duplicate of TRACEY ID 203275)
    TRACEY ID     3929  BrFl_Tomosyn_1                  (duplicate of TRACEY ID 203275)
    TRACEY ID     6773  PoPlc_Tlg1_old                  (duplicate of TRACEY ID 203377)
    TRACEY ID     6774  PoPlc_Tlg1-2                    (duplicate of TRACEY ID 203377)
    TRACEY ID     2926  LaBi_1_Bos1                     (duplicate of TRACEY ID 203457)
    TRACEY ID     3016  PhNo_Vam72                      (duplicate of TRACEY ID 203464)
    TRACEY ID     6775  PoPlc_Tlg2_1                    (duplicate of TRACEY ID 203482)
    TRACEY ID     2920  LaBi_1_Snc                      (duplicate of TRACEY ID 203506)
    TRACEY ID     2903  AjCa_Tlg1_1                     (duplicate of TRACEY ID 203534)
    TRACEY ID    10788  SoBi_Vti1_4                     (duplicate of TRACEY ID 203545)
    TRACEY ID    11157  PaBr_1_Sec20                    (duplicate of TRACEY ID 203575)
    TRACEY ID    11174  PaBr_Sec20-2                    (duplicate of TRACEY ID 203575)
    TRACEY ID    11203  PaBr_Sec20-3                    (duplicate of TRACEY ID 203575)
    TRACEY ID     4648  PhPa_Use11                      (duplicate of TRACEY ID 203576)
    TRACEY ID     2841  PiGu_Sed5_1                     (duplicate of TRACEY ID 203580)
    TRACEY ID     9751  SeMo_Syp4-plants_1              (duplicate of TRACEY ID 203599)
    TRACEY ID    46084  SeMo_Qa.III.a_1                 (duplicate of TRACEY ID 203599)
    TRACEY ID     9717  SeMo_Syp1-plants_3              (duplicate of TRACEY ID 203645)
    TRACEY ID    48379  SeMo_Qa.IV_7                    (duplicate of TRACEY ID 203645)
    TRACEY ID    11423  ChRe_Qa.I_1                     (duplicate of TRACEY ID 203670)
    TRACEY ID     3655  BrFl_SNAP47_1                   (duplicate of TRACEY ID 203672)
    TRACEY ID     3927  BrFl_SN47frag                   (duplicate of TRACEY ID 203672)
    TRACEY ID     4371  PoTr_Tomosyn_5                  (duplicate of TRACEY ID 203716)
    TRACEY ID    49632  MiGy_Tlg1                       (duplicate of TRACEY ID 203735)
    TRACEY ID     9739  SeMo_Syp1-plants_2              (duplicate of TRACEY ID 203783)
    TRACEY ID    49497  SeMo_Qa.IV_2                    (duplicate of TRACEY ID 203783)
    TRACEY ID    49695  MiGy_Use1                       (duplicate of TRACEY ID 203807)
    TRACEY ID     2836  PiGu_Tlg1_old                   (duplicate of TRACEY ID 203808)
    TRACEY ID    10318  ToGo_2_Syx18                    (duplicate of TRACEY ID 203812)
    TRACEY ID     2927  LaBi_1_Use1                     (duplicate of TRACEY ID 203840)
    TRACEY ID    11194  PaBr_1_Pep12                    (duplicate of TRACEY ID 203933)
    TRACEY ID    11200  PaBr_Pep12-2                    (duplicate of TRACEY ID 203933)
    TRACEY ID     2705  CiIn_Tom-p                      (duplicate of TRACEY ID 203946)
    TRACEY ID    10777  SoBi_Ykt6_4                     (duplicate of TRACEY ID 203980)
    TRACEY ID     2849  ClLu_Tlg1_old                   (duplicate of TRACEY ID 203991)
    TRACEY ID     9744  SeMo_Syp62_old                  (duplicate of TRACEY ID 204016)
    TRACEY ID    11154  PaBr_Tlg1                       (duplicate of TRACEY ID 204116)
    TRACEY ID    11166  PaBr_Tlg1-2                     (duplicate of TRACEY ID 204116)
    TRACEY ID    11205  PaBr_Tlg1-3                     (duplicate of TRACEY ID 204116)
    TRACEY ID    11349  AmQu_Syb1p                      (duplicate of TRACEY ID 204136)
    TRACEY ID    10342  ToGo_2_QcIII                    (duplicate of TRACEY ID 204166)
    TRACEY ID     2965  PiSt_1_Ufe1_1                   (duplicate of TRACEY ID 204227)
    TRACEY ID     2698  CiIn_Ykt6_1                     (duplicate of TRACEY ID 204233)
    TRACEY ID     6753  ChRe_Syx6-like_1                (duplicate of TRACEY ID 204235)
    TRACEY ID    11431  ChRe_Qc.III.c_3                 (duplicate of TRACEY ID 204235)
    TRACEY ID     2925  LaBi_1_Nyv1                     (duplicate of TRACEY ID 204244)
    TRACEY ID     4152  TrVa_1_Vti12                    (duplicate of TRACEY ID 204314)
    TRACEY ID    10794  SoBi_Syp3-plants_1              (duplicate of TRACEY ID 204327)
    TRACEY ID     2916  AjCa_Sso_1_122                  (duplicate of TRACEY ID 204336)
    TRACEY ID     4613  PhPa_Tomosyn_1                  (duplicate of TRACEY ID 204364)
    TRACEY ID     2711  CiIn_Bet1_1                     (duplicate of TRACEY ID 204431)
    TRACEY ID     4154  TrVa_1_QbIV1                    (duplicate of TRACEY ID 204441)
    TRACEY ID    11152  PaBr_Tlg2-1                     (duplicate of TRACEY ID 204486)
    TRACEY ID    11153  PaBr_Tlg2-2                     (duplicate of TRACEY ID 204486)
    TRACEY ID    11173  PaBr_Tlg2-3                     (duplicate of TRACEY ID 204486)
    TRACEY ID    50447  MiGy_Gos1                       (duplicate of TRACEY ID 204487)
    TRACEY ID     2866  ClLu_Tlg2_1                     (duplicate of TRACEY ID 204546)
    TRACEY ID     9742  SeMo_Syp2-plants_1              (duplicate of TRACEY ID 204550)
    TRACEY ID    47039  SeMo_Qa.III.b_1                 (duplicate of TRACEY ID 204550)
    TRACEY ID    10311  ToGo_2_SN25                     (duplicate of TRACEY ID 204558)
    TRACEY ID    11377  ChRe_R.Reg_1                    (duplicate of TRACEY ID 204559)
    TRACEY ID     3138  PhNo_Snc_2                      (duplicate of TRACEY ID 204561)
    TRACEY ID     6801  VoCa_Vamp7_2                    (duplicate of TRACEY ID 204605)
    TRACEY ID     2958  PiSt_1_Sec22_1                  (duplicate of TRACEY ID 204608)
    TRACEY ID     2699  CiIn_Membrin_1                  (duplicate of TRACEY ID 204670)
    TRACEY ID     2913  AjCa_Vti1_1                     (duplicate of TRACEY ID 204671)
    TRACEY ID     6741  LaBi_1_Sft1                     (duplicate of TRACEY ID 204808)
    TRACEY ID     6762  PoPlc_Pep12_2                   (duplicate of TRACEY ID 204883)
    TRACEY ID     6763  PoPlc_Pep12-2                   (duplicate of TRACEY ID 204883)
    TRACEY ID    10305  ToGo_2_Npsn1                    (duplicate of TRACEY ID 204899)
    TRACEY ID     6802  VoCa_Vamp7_3                    (duplicate of TRACEY ID 204909)
    TRACEY ID     6803  VoCa_Vamp7_4                    (duplicate of TRACEY ID 204917)
    TRACEY ID    10792  SoBi_Qa.III_1                   (duplicate of TRACEY ID 204927)
    TRACEY ID     2837  PiGu_Tlg2_1                     (duplicate of TRACEY ID 204932)
    TRACEY ID     2848  ClLu_Vti1_1                     (duplicate of TRACEY ID 204942)
    TRACEY ID     9745  SeMo_Gos1_2                     (duplicate of TRACEY ID 204983)
    TRACEY ID    47981  SeMo_Qb.II_3                    (duplicate of TRACEY ID 204983)
    TRACEY ID     4307  PoTr_SNAP-plant_3               (duplicate of TRACEY ID 205017)
    TRACEY ID    11350  AmQu_Sec20_1                    (duplicate of TRACEY ID 205028)
    TRACEY ID     3026  PhNo_Tlg2_1_2                   (duplicate of TRACEY ID 205046)
    TRACEY ID     3031  UnRe_Tlg2_1                     (duplicate of TRACEY ID 205102)
    TRACEY ID     4468  CiIn_Use1_1                     (duplicate of TRACEY ID 205154)
    TRACEY ID    10012  AsFu_Gos1p                      (duplicate of TRACEY ID 205181)
    TRACEY ID     9741  SeMo_Syp72_old                  (duplicate of TRACEY ID 205211)
    TRACEY ID    45485  SeMo_Syp72_old1                 (duplicate of TRACEY ID 205211)
    TRACEY ID    49274  SeMo_R.Reg_1                    (duplicate of TRACEY ID 205229)
    TRACEY ID    11429  ChRe_Qc.III.b_2                 (duplicate of TRACEY ID 205233)
    TRACEY ID     3123  ThPs_1_Vamp7                    (duplicate of TRACEY ID 205295)
    TRACEY ID    11313  CoPo_1_Gos1                     (duplicate of TRACEY ID 205297)
    TRACEY ID     3018  PhNo_Ufe1_1                     (duplicate of TRACEY ID 205335)
    TRACEY ID     3014  PhNo_Ykt6_1                     (duplicate of TRACEY ID 205350)
    TRACEY ID     4626  PhPa_Syp2-plants_3              (duplicate of TRACEY ID 205354)
    TRACEY ID    10765  SoBi_SNAP-plant_2               (duplicate of TRACEY ID 205400)
    TRACEY ID    10769  SoBi_Vamp7_6                    (duplicate of TRACEY ID 205463)
    TRACEY ID     3812  PhTr_1_Syx16                    (duplicate of TRACEY ID 205498)
    TRACEY ID     2854  ClLu_Ufe1_1                     (duplicate of TRACEY ID 205509)
    TRACEY ID     3813  PhTr_1_QbII                     (duplicate of TRACEY ID 205510)
    TRACEY ID     4048  TrVa_1_SyxPM1                   (duplicate of TRACEY ID 205521)
    TRACEY ID    11445  ChRe_Qb.III.d_1                 (duplicate of TRACEY ID 205527)
    TRACEY ID    11314  CoPo_Syx8_old                   (duplicate of TRACEY ID 205547)
    TRACEY ID    11319  CoPo_2_Syx8-2                   (duplicate of TRACEY ID 205547)
    TRACEY ID     2745  ChRe_Vamp7_4                    (duplicate of TRACEY ID 205604)
    TRACEY ID    11443  ChRe_R.III_7                    (duplicate of TRACEY ID 205604)
    TRACEY ID     2744  ChRe_Vamp7_5                    (duplicate of TRACEY ID 205641)
    TRACEY ID    11424  ChRe_R.III_6                    (duplicate of TRACEY ID 205641)
    TRACEY ID     2852  ClLu_Use1_old                   (duplicate of TRACEY ID 205652)
    TRACEY ID     4050  TrVa_1_Vamp71                   (duplicate of TRACEY ID 205676)
    TRACEY ID    11404  ChRe_R.III_3                    (duplicate of TRACEY ID 205719)
    TRACEY ID     6754  ChRe_Vamp7_1                    (duplicate of TRACEY ID 205732)
    TRACEY ID    11394  ChRe_R.III_1                    (duplicate of TRACEY ID 205732)
    TRACEY ID     9753  SeMo_Gos1_1                     (duplicate of TRACEY ID 205733)
    TRACEY ID    49070  SeMo_Qb.II_4                    (duplicate of TRACEY ID 205733)
    TRACEY ID    11408  ChRe_Qc.II_2                    (duplicate of TRACEY ID 205739)
    TRACEY ID    11292  CoPo_1_Sec20                    (duplicate of TRACEY ID 205791)
    TRACEY ID     2714  CiIn_Vti1_2                     (duplicate of TRACEY ID 205839)
    TRACEY ID    11301  CoPo_1_Sed5_1                   (duplicate of TRACEY ID 205849)
    TRACEY ID    11320  CoPo_2_Sed5-2                   (duplicate of TRACEY ID 205849)
    TRACEY ID    11303  CoPo_1_Ufe1_1                   (duplicate of TRACEY ID 205868)
    TRACEY ID    11317  CoPo_2_Ufe1-2                   (duplicate of TRACEY ID 205868)
    TRACEY ID     2864  ClLu_Gos1_1                     (duplicate of TRACEY ID 205874)
    TRACEY ID     9719  SeMo_Npsn_1                     (duplicate of TRACEY ID 205926)
    TRACEY ID    45538  SeMo_Qb.III.d_1                 (duplicate of TRACEY ID 205926)
    TRACEY ID     3137  AjCa_Ha.III.a_1                 (duplicate of TRACEY ID 205932)
    TRACEY ID    11286  CoPo_1_Pep12_1                  (duplicate of TRACEY ID 205976)
    TRACEY ID     2909  AjCa_Gos1_1                     (duplicate of TRACEY ID 205996)
    TRACEY ID    10782  SoBi_Vamp7_7                    (duplicate of TRACEY ID 206031)
    TRACEY ID     3666  BrFl_Endobrevin_1               (duplicate of TRACEY ID 206069)
    TRACEY ID     2701  CiIn_Sec20_1                    (duplicate of TRACEY ID 206116)
    TRACEY ID     2703  CiIn_Syx1_2                     (duplicate of TRACEY ID 206144)
    TRACEY ID    11345  AmQu_Gos28_1                    (duplicate of TRACEY ID 206151)
    TRACEY ID     2867  CoCi_Tlg2_1                     (duplicate of TRACEY ID 206200)
    TRACEY ID     4668  ThPs_1_Syx7                     (duplicate of TRACEY ID 206222)
    TRACEY ID    10196  CoCi_Bos1_1                     (duplicate of TRACEY ID 206228)
    TRACEY ID    11400  ChRe_R.I_1                      (duplicate of TRACEY ID 206338)
    TRACEY ID    10772  SoBi_Qc.III_1                   (duplicate of TRACEY ID 206355)
    TRACEY ID     2858  ClLu_Bos1_1                     (duplicate of TRACEY ID 206361)
    TRACEY ID     9718  SeMo_Vamp7_1                    (duplicate of TRACEY ID 206370)
    TRACEY ID    47397  SeMo_R.III_1                    (duplicate of TRACEY ID 206370)
    TRACEY ID     3042  UnRe_Vti1_1                     (duplicate of TRACEY ID 206377)
    TRACEY ID    11296  CoPo_1_Bos1                     (duplicate of TRACEY ID 206434)
    TRACEY ID    11315  CoPo_2_Bos1-2                   (duplicate of TRACEY ID 206434)
    TRACEY ID     2739  ChRe_Memb1_neu                  (duplicate of TRACEY ID 206444)
    TRACEY ID    11456  ChRe_Qb.II_2                    (duplicate of TRACEY ID 206444)
    TRACEY ID     3253  OsTa_Npsn_1                     (duplicate of TRACEY ID 206506)
    TRACEY ID     3290  OsTa_Ykt6_1                     (duplicate of TRACEY ID 206544)
    TRACEY ID    11162  PaBr_1_Snc_1                    (duplicate of TRACEY ID 206559)
    TRACEY ID     2861  ClLu_Pep12_2                    (duplicate of TRACEY ID 206582)
    TRACEY ID    10793  SoBi_Syp1-plants_6              (duplicate of TRACEY ID 206704)
    TRACEY ID     3013  PhNo_Sec20_1                    (duplicate of TRACEY ID 206767)
    TRACEY ID     3015  PhNo_Sec9_1                     (duplicate of TRACEY ID 206788)
    TRACEY ID    11160  PaBr_Syx8_old                   (duplicate of TRACEY ID 206804)
    TRACEY ID    11185  PaBr_Syx8-2                     (duplicate of TRACEY ID 206804)
    TRACEY ID    11188  PaBr_Syx8-3                     (duplicate of TRACEY ID 206804)
    TRACEY ID     2878  CoCi_Sso_1                      (duplicate of TRACEY ID 206962)
    TRACEY ID    11285  CoPo_1_Vti1                     (duplicate of TRACEY ID 206989)
    TRACEY ID     2706  CiIn_Sec22_1                    (duplicate of TRACEY ID 207054)
    TRACEY ID     4339  PoTr_Tomosyn_7                  (duplicate of TRACEY ID 207128)
    TRACEY ID    10784  SoBi_Tomosyn_2                  (duplicate of TRACEY ID 207145)
    TRACEY ID     6798  VoCa_Syx18_1                    (duplicate of TRACEY ID 207147)
    TRACEY ID     9726  SeMo_Syp1-plants_1              (duplicate of TRACEY ID 207200)
    TRACEY ID    47445  SeMo_Qa.IV_10                   (duplicate of TRACEY ID 207200)
    TRACEY ID     9732  SeMo_Syp1-plants_6              (duplicate of TRACEY ID 207229)
    TRACEY ID    47020  SeMo_SyxPM5_1_2                 (duplicate of TRACEY ID 207229)
    TRACEY ID     6776  PoPlc_Tomosyn_1                 (duplicate of TRACEY ID 207233)
    TRACEY ID     6777  PoPlc_Tom-2                     (duplicate of TRACEY ID 207233)
    TRACEY ID    10800  SoBi_Npsn_2                     (duplicate of TRACEY ID 207277)
    TRACEY ID     9724  SeMo_Syp3-plants_1              (duplicate of TRACEY ID 207311)
    TRACEY ID     9729  SeMo_Syx5-2                     (duplicate of TRACEY ID 207311)
    TRACEY ID    10773  SoBi_Syp1-plants_7              (duplicate of TRACEY ID 207320)
    TRACEY ID    11347  AmQu_Vti1_1                     (duplicate of TRACEY ID 207389)
    TRACEY ID     3040  UnRe_Sso_1                      (duplicate of TRACEY ID 207392)
    TRACEY ID     3409  OsTa_Vti1_2                     (duplicate of TRACEY ID 207399)
    TRACEY ID    49747  MiGy_Sso                        (duplicate of TRACEY ID 207451)
    TRACEY ID     3034  UnRe_Ufe1_1                     (duplicate of TRACEY ID 207464)
    TRACEY ID     2862  ClLu_Sed5_1                     (duplicate of TRACEY ID 207480)
    TRACEY ID     2722  ChRe_Gos1_neu                   (duplicate of TRACEY ID 207533)
    TRACEY ID    11421  ChRe_Qb.II_1                    (duplicate of TRACEY ID 207533)
    TRACEY ID     2857  ClLu_Sso_1                      (duplicate of TRACEY ID 207646)
    TRACEY ID    11348  AmQu_Syx8p                      (duplicate of TRACEY ID 207656)
    TRACEY ID    50121  MiGy_Ufe1                       (duplicate of TRACEY ID 207719)
    TRACEY ID     3288  OsTa_Gos1                       (duplicate of TRACEY ID 207790)
    TRACEY ID    11312  CoPo_1_Sso_1                    (duplicate of TRACEY ID 207799)
    TRACEY ID     3011  PhNo_Tomosyn_1                  (duplicate of TRACEY ID 207828)
    TRACEY ID     2907  AjCa_Sed5_old                   (duplicate of TRACEY ID 207829)
    TRACEY ID     2710  CiIn_SNAP29_1                   (duplicate of TRACEY ID 207843)
    TRACEY ID     2874  CoCi_Sed5_1                     (duplicate of TRACEY ID 207873)
    TRACEY ID    49588  MiGy_Ykt6                       (duplicate of TRACEY ID 207900)
    TRACEY ID    10795  SoBi_Qb.II_1                    (duplicate of TRACEY ID 207927)
    TRACEY ID     2708  CiIn_Syx7_1                     (duplicate of TRACEY ID 207931)
    TRACEY ID     2697  CiIn_Vamp7_1                    (duplicate of TRACEY ID 207940)
    TRACEY ID    11294  CoPo_Vam7_old                   (duplicate of TRACEY ID 207989)
    TRACEY ID    11316  CoPo_2_Vam7-2                   (duplicate of TRACEY ID 207989)
    TRACEY ID     9749  SeMo_Syp1-plants_5              (duplicate of TRACEY ID 207997)
    TRACEY ID    49387  SeMo_Qa.IV_5                    (duplicate of TRACEY ID 207997)
    TRACEY ID     9747  SeMo_Vamp7_2                    (duplicate of TRACEY ID 208029)
    TRACEY ID    47878  SeMo_R.III_3                    (duplicate of TRACEY ID 208029)
    TRACEY ID    50306  VeDa_Qa.I_1                     (duplicate of TRACEY ID 210150)
    TRACEY ID    50322  VeDa_R.III_1                    (duplicate of TRACEY ID 210203)
    TRACEY ID   183460  SeLa_R.IV_1                     (duplicate of TRACEY ID 210350)
    TRACEY ID   183443  SeLa_R.III_1                    (duplicate of TRACEY ID 210398)
    TRACEY ID   182487  GlGr_Syx8_old                   (duplicate of TRACEY ID 210507)
    TRACEY ID    49756  RhOr_Qa.IV_1                    (duplicate of TRACEY ID 211069)
    TRACEY ID    11333  ChSp_Npsn                       (duplicate of TRACEY ID 211240)
    TRACEY ID    11335  ChSp_Vamp72                     (duplicate of TRACEY ID 211268)
    TRACEY ID   184293  SeLa_Qa.IV_1                    (duplicate of TRACEY ID 211324)
    TRACEY ID   184283  SeLa_Qa.IV_2                    (duplicate of TRACEY ID 211336)
    TRACEY ID    50136  VeDa_Qb.III.b_1                 (duplicate of TRACEY ID 211387)
    TRACEY ID    11334  ChSp_Bet1                       (duplicate of TRACEY ID 211520)
    TRACEY ID   182646  GlGr_Qb.III.b_1                 (duplicate of TRACEY ID 211546)
    TRACEY ID   182832  GlGr_R.Reg_1                    (duplicate of TRACEY ID 211607)
    TRACEY ID    50522  VeDa_R.II_1                     (duplicate of TRACEY ID 212091)
    TRACEY ID   182876  GlGr_Qa.IV_1                    (duplicate of TRACEY ID 212106)
    TRACEY ID   182838  GlGr_R.IV_1                     (duplicate of TRACEY ID 212136)
    TRACEY ID    50484  RhOr_Qc.III.b_1                 (duplicate of TRACEY ID 212296)
    TRACEY ID    11326  ChSp_Tom                        (duplicate of TRACEY ID 212529)
    TRACEY ID    50206  VeDa_Syx8_old                   (duplicate of TRACEY ID 212585)
    TRACEY ID    49995  TrEq_USe1_old                   (duplicate of TRACEY ID 212590)
    TRACEY ID    49898  VeDa_Tlg1_old                   (duplicate of TRACEY ID 212595)
    TRACEY ID   182921  SeLa_Qb.III.b_1                 (duplicate of TRACEY ID 212626)
    TRACEY ID   182367  GlGr_Qb.II_2                    (duplicate of TRACEY ID 212843)
    TRACEY ID   183249  SeLa_Tlg1_old                   (duplicate of TRACEY ID 212851)
    TRACEY ID    39650  CaOw_R.II_1                     (duplicate of TRACEY ID 213436)
    TRACEY ID    39768  CaOw_Qc.II_1                    (duplicate of TRACEY ID 213481)
    TRACEY ID    10835  CaOw_2_Vti1                     (duplicate of TRACEY ID 213865)
    TRACEY ID    39571  CaOw_Qb.III.b_1                 (duplicate of TRACEY ID 213865)
    TRACEY ID    50014  VeDa_Qa.II_1                    (duplicate of TRACEY ID 213929)
    TRACEY ID    50140  RhOr_Qa.III_1                   (duplicate of TRACEY ID 214041)
    TRACEY ID    49868  VeDa_Qb.I_1                     (duplicate of TRACEY ID 214325)
    TRACEY ID    50010  RhOr_Qa.IV_2                    (duplicate of TRACEY ID 214340)
    TRACEY ID    10015  AsNg_Pep12_1                    (duplicate of TRACEY ID 214351)
    TRACEY ID    50310  VeDa_doubleSNARE_1              (duplicate of TRACEY ID 214368)
    TRACEY ID    39391  CaOw_Qc.I_1                     (duplicate of TRACEY ID 214482)
    TRACEY ID    42260  CaOw_doubleSNARE_1              (duplicate of TRACEY ID 214526)
    TRACEY ID    50058  RhOr_Qa.IV_3                    (duplicate of TRACEY ID 214645)
    TRACEY ID    50326  TrEq_Qa.III.a_1                 (duplicate of TRACEY ID 214673)
    TRACEY ID    49724  VeDa_Qb.II_1                    (duplicate of TRACEY ID 214689)
    TRACEY ID    50520  VeDa_Qa.III.a_1                 (duplicate of TRACEY ID 214702)
    TRACEY ID    49780  RhOr_Qc.III.c_2                 (duplicate of TRACEY ID 214837)
    TRACEY ID    10016  AsNg_Sed5_1                     (duplicate of TRACEY ID 214851)
    TRACEY ID    50015  VeDa_R.Reg_1                    (duplicate of TRACEY ID 214980)
    TRACEY ID    47722  NeTr_Qb.II_2                    (duplicate of TRACEY ID 215057)
    TRACEY ID    39600  CaOw_Qc.III.c_1                 (duplicate of TRACEY ID 215109)
    TRACEY ID    42256  CaOw_doubleSNARE_2              (duplicate of TRACEY ID 215190)
    TRACEY ID    50005  RhOr_R.II_2                     (duplicate of TRACEY ID 215237)
    TRACEY ID    50167  RhOr_R.III_2                    (duplicate of TRACEY ID 215307)
    TRACEY ID    39475  CaOw_Qc.III.c_6                 (duplicate of TRACEY ID 215316)
    TRACEY ID    11336  ChSp_Vti1                       (duplicate of TRACEY ID 215497)
    TRACEY ID    11338  ChSp_Sec20                      (duplicate of TRACEY ID 215574)
    TRACEY ID    11340  ChSp_Use1                       (duplicate of TRACEY ID 215809)
    TRACEY ID    11343  ChSp_Syp6                       (duplicate of TRACEY ID 216159)
    TRACEY ID    11339  ChSp_Gos1                       (duplicate of TRACEY ID 216231)
    TRACEY ID    11341  ChSp_Sft1                       (duplicate of TRACEY ID 216391)
    TRACEY ID    49688  RhOr_doubleSNARE_1              (duplicate of TRACEY ID 216398)
    TRACEY ID    49328  PhSo_doubleSNARE_1              (duplicate of TRACEY ID 216871)
    TRACEY ID    50143  RhOr_Qa.III_2                   (duplicate of TRACEY ID 217160)
    TRACEY ID    39396  MeLp_Sso2                       (duplicate of TRACEY ID 217571)
    TRACEY ID    49711  RhOr_Qb.II_1                    (duplicate of TRACEY ID 217649)
    TRACEY ID    50385  TrEq_Vam7_old                   (duplicate of TRACEY ID 217654)
    TRACEY ID    11324  ChSp_Syp7                       (duplicate of TRACEY ID 217778)
    TRACEY ID    50122  RhOr_Qa.III.a_1                 (duplicate of TRACEY ID 217797)
    TRACEY ID    11332  ChSp_Vamp71                     (duplicate of TRACEY ID 218060)
    TRACEY ID    49599  RhOr_Qb.I_1                     (duplicate of TRACEY ID 218119)
    TRACEY ID    11337  ChSp_Memb                       (duplicate of TRACEY ID 218276)
    TRACEY ID    11323  ChSp_Syp5                       (duplicate of TRACEY ID 218394)
    TRACEY ID    50095  TrEq_R.II_1                     (duplicate of TRACEY ID 218534)
    TRACEY ID    49997  TrEq_Qb.II_1                    (duplicate of TRACEY ID 218570)
    TRACEY ID    50118  RhOr_Qc.II_1                    (duplicate of TRACEY ID 218576)
    TRACEY ID    50440  RhOr_Qa.IV_4                    (duplicate of TRACEY ID 218649)
    TRACEY ID    50442  TrEq_Tlg1_old                   (duplicate of TRACEY ID 218741)
    TRACEY ID    50537  RhOr_R.I_2                      (duplicate of TRACEY ID 218831)
    TRACEY ID    50112  TrEq_Syx8_old                   (duplicate of TRACEY ID 219545)
    TRACEY ID    50502  RhOr_Qa.I_1                     (duplicate of TRACEY ID 219607)
    TRACEY ID    50446  RhOr_R.II_1                     (duplicate of TRACEY ID 219635)
    TRACEY ID    50274  TrEq_doubleSNARE_1              (duplicate of TRACEY ID 219738)
    TRACEY ID    50496  TrEq_R.I_1                      (duplicate of TRACEY ID 219893)
    TRACEY ID    11330  ChSp_Syp5-2                     (duplicate of TRACEY ID 219898)
    TRACEY ID    49856  RhOr_Qb.III.b_1                 (duplicate of TRACEY ID 219899)
    TRACEY ID    49626  TrEq_R.IV_1                     (duplicate of TRACEY ID 219918)
    TRACEY ID    11325  ChSp_Sec22                      (duplicate of TRACEY ID 219919)
    TRACEY ID    47541  PhSo_Qb.III_1                   (duplicate of TRACEY ID 220388)
    TRACEY ID     7725  SaSa_Endobrevin_1               (duplicate of TRACEY ID 220740)
    TRACEY ID   183293  AuDe_Qb.III.b_1                 (duplicate of TRACEY ID 221023)
    TRACEY ID   183875  AuDe_R.II_1                     (duplicate of TRACEY ID 221127)
    TRACEY ID     7651  DaPu_Syb_1                      (duplicate of TRACEY ID 221906)
    TRACEY ID     7653  DaPu_SybPM-2                    (duplicate of TRACEY ID 221906)
    TRACEY ID     7654  DaPu_SybPM-3                    (duplicate of TRACEY ID 221906)
    TRACEY ID     7650  DaPu_Vti1_1                     (duplicate of TRACEY ID 222672)
    TRACEY ID   183582  AuDe_Qc.III.c_2                 (duplicate of TRACEY ID 222990)
    TRACEY ID    10021  AsNg_Ykt6_1                     (duplicate of TRACEY ID 223584)
    TRACEY ID    10020  AsNg_Vti                        (duplicate of TRACEY ID 223678)
    TRACEY ID   182399  WuBa_R.IV_2                     (duplicate of TRACEY ID 223822)
    TRACEY ID   183434  AuDe_Qa.IV_2                    (duplicate of TRACEY ID 223882)
    TRACEY ID   183432  AuDe_Qa.IV_3                    (duplicate of TRACEY ID 223883)
    TRACEY ID    45392  NeTr_Qa.II_1                    (duplicate of TRACEY ID 223903)
    TRACEY ID   183108  SeLa_Qa.II_1                    (duplicate of TRACEY ID 224296)
    TRACEY ID   184159  SeLa_Qb.II_2                    (duplicate of TRACEY ID 224680)
    TRACEY ID   182600  WuBa_doubleSNARE_2              (duplicate of TRACEY ID 224686)
    TRACEY ID    39440  CaOw_R.Reg_1                    (duplicate of TRACEY ID 224759)
    TRACEY ID    10836  CaOw_2_Memb                     (duplicate of TRACEY ID 225075)
    TRACEY ID    39691  CaOw_Qb.II_1                    (duplicate of TRACEY ID 225075)
    TRACEY ID   183560  SeLa_Qb.I_1                     (duplicate of TRACEY ID 225469)
    TRACEY ID   183735  AuDe_Qc.II_4                    (duplicate of TRACEY ID 225653)
    TRACEY ID    10833  CaOw_2_Vamp7-2                  (duplicate of TRACEY ID 225659)
    TRACEY ID    39514  CaOw_R.III_1                    (duplicate of TRACEY ID 225659)
    TRACEY ID   183578  TrVe_Vam7                       (duplicate of TRACEY ID 225662)
    TRACEY ID    10683  TrVe_Sec9p                      (duplicate of TRACEY ID 225674)
    TRACEY ID   183587  TrVe_Sec9                       (duplicate of TRACEY ID 225674)
    TRACEY ID   183824  SeLa_doubleSNARE_1              (duplicate of TRACEY ID 225778)
    TRACEY ID    10829  CaOw_2_Gos28p                   (duplicate of TRACEY ID 226322)
    TRACEY ID    39510  CaOw_Qb.II_2                    (duplicate of TRACEY ID 226322)
    TRACEY ID    10830  CaOw_2_Syb1-2                   (duplicate of TRACEY ID 226419)
    TRACEY ID    10831  CaOw_2_Syb1-3                   (duplicate of TRACEY ID 226419)
    TRACEY ID    10832  CaOw_2_Syb1-4                   (duplicate of TRACEY ID 226419)
    TRACEY ID    10834  CaOw_2_Syb1-5                   (duplicate of TRACEY ID 226419)
    TRACEY ID    42279  CaOw_R.IV_1                     (duplicate of TRACEY ID 226419)
    TRACEY ID   183117  TrVe_Gos1                       (duplicate of TRACEY ID 226450)
    TRACEY ID   183105  TrVe_Tom                        (duplicate of TRACEY ID 226466)
    TRACEY ID   183651  SeLa_R.I_1                      (duplicate of TRACEY ID 226480)
    TRACEY ID   183374  TrVe_Sed5                       (duplicate of TRACEY ID 226569)
    TRACEY ID    39493  CaOw_Qb.I_1                     (duplicate of TRACEY ID 226639)
    TRACEY ID    39632  CaOw_R.I_1                      (duplicate of TRACEY ID 226770)
    TRACEY ID   182475  GlGr_Qb.II_1                    (duplicate of TRACEY ID 226786)
    TRACEY ID   183763  TrVe_Bos1                       (duplicate of TRACEY ID 226804)
    TRACEY ID   182500  GlGr_doubleSNARE_2              (duplicate of TRACEY ID 226844)
    TRACEY ID   182945  SeLa_Qb.II_1                    (duplicate of TRACEY ID 226876)
    TRACEY ID   182511  GlGr_Qb.I_1                     (duplicate of TRACEY ID 226954)
    TRACEY ID   184181  AuDe_doubleSNARE_2              (duplicate of TRACEY ID 227067)
    TRACEY ID   182540  GlGr_Qa.III.a_1                 (duplicate of TRACEY ID 227073)
    TRACEY ID    39431  CaOw_Qb.III_1                   (duplicate of TRACEY ID 227130)
    TRACEY ID   183895  TrVe_Tlg2                       (duplicate of TRACEY ID 227201)
    TRACEY ID   182640  GlGr_R.II_1                     (duplicate of TRACEY ID 227448)
    TRACEY ID   182664  GlGr_R.I_1                      (duplicate of TRACEY ID 227471)
    TRACEY ID   184270  TrVe_Ufe1                       (duplicate of TRACEY ID 227511)
    TRACEY ID   182782  GlGr_Vam7_old                   (duplicate of TRACEY ID 227669)
    TRACEY ID    50215  VeDa_Qa.IV_2                    (duplicate of TRACEY ID 227720)
    TRACEY ID   182977  SeLa_Qa.III.a_1                 (duplicate of TRACEY ID 227744)
    TRACEY ID   182985  SeLa_Qc.III.c_1                 (duplicate of TRACEY ID 227745)
    TRACEY ID    10681  TrVe_Sec22p                     (duplicate of TRACEY ID 227775)
    TRACEY ID   182934  TrVe_Sec22                      (duplicate of TRACEY ID 227775)
    TRACEY ID    50193  VeDa_Qb.II_2                    (duplicate of TRACEY ID 227965)
    TRACEY ID   183574  SeLa_Qa.III.b_1                 (duplicate of TRACEY ID 228044)
    TRACEY ID     3913  HyJe_Sso_1                      (duplicate of TRACEY ID 228115)
    TRACEY ID   183481  AuDe_R.IV_1                     (duplicate of TRACEY ID 228385)
    TRACEY ID    50265  VeDa_Qa.III.b_1                 (duplicate of TRACEY ID 228455)
    TRACEY ID   183509  AuDe_R.III_1                    (duplicate of TRACEY ID 228471)
    TRACEY ID   182594  GlGr_Qa.II_1                    (duplicate of TRACEY ID 228572)
    TRACEY ID   182359  GlGr_Tlg1_old                   (duplicate of TRACEY ID 228656)
    TRACEY ID   183055  SeLa_R.II_1                     (duplicate of TRACEY ID 228722)
    TRACEY ID    50527  VeDa_Qa.IV_1                    (duplicate of TRACEY ID 228724)
    TRACEY ID    10687  TrVe_Ssop-2                     (duplicate of TRACEY ID 228974)
    TRACEY ID   183183  TrVe_Sso2                       (duplicate of TRACEY ID 228974)
    TRACEY ID   183187  TrVe_Sso1                       (duplicate of TRACEY ID 229032)
    TRACEY ID   182470  GlGr_R.III_1                    (duplicate of TRACEY ID 229437)
    TRACEY ID   182812  GlGr_Qa.I_1                     (duplicate of TRACEY ID 229770)
    TRACEY ID   183049  AuDe_Qa.III.a_1                 (duplicate of TRACEY ID 229821)
    TRACEY ID    50076  VeDa_Qc.I_1                     (duplicate of TRACEY ID 229918)
    TRACEY ID   182794  GlGr_Qa.IV_2                    (duplicate of TRACEY ID 229978)
    TRACEY ID   182398  GlGr_Qa.III.b_1                 (duplicate of TRACEY ID 230022)
    TRACEY ID    48479  NeTr_Qa.III.b_1                 (duplicate of TRACEY ID 230329)
    TRACEY ID    42979  CoSp_Qc.III_1                   (duplicate of TRACEY ID 230401)
    TRACEY ID    42996  CoSp_Qb.III.b_1                 (duplicate of TRACEY ID 230477)
    TRACEY ID    42968  CoSp_R.III_1                    (duplicate of TRACEY ID 230574)
    TRACEY ID     9865  TrVi_Tlg2_1                     (duplicate of TRACEY ID 230626)
    TRACEY ID    45161  TrVi_Qa.III.a_7                 (duplicate of TRACEY ID 230626)
    TRACEY ID    45759  TrVi_Qa.III.a_6                 (duplicate of TRACEY ID 230626)
    TRACEY ID    45809  TrVi_Qa.III.a_4                 (duplicate of TRACEY ID 230626)
    TRACEY ID    46349  TrVi_Qa.III.a_2                 (duplicate of TRACEY ID 230626)
    TRACEY ID    48049  TrVi_Qa.III.a_5                 (duplicate of TRACEY ID 230626)
    TRACEY ID    48656  TrVi_Qa.III.a_3                 (duplicate of TRACEY ID 230626)
    TRACEY ID    48976  TrVi_Qa.III.a_9                 (duplicate of TRACEY ID 230626)
    TRACEY ID    49175  TrVi_Qa.III.a_1                 (duplicate of TRACEY ID 230626)
    TRACEY ID    49500  TrVi_Qa.III.a_8                 (duplicate of TRACEY ID 230626)
    TRACEY ID    42974  CoSp_Qb.III.d_1                 (duplicate of TRACEY ID 230663)
    TRACEY ID    45202  NeTr_Syx8_old                   (duplicate of TRACEY ID 230816)
    TRACEY ID     3791  PhSo_QcIII1                     (duplicate of TRACEY ID 230819)
    TRACEY ID   184018  DaSp_Qa.II_1                    (duplicate of TRACEY ID 230982)
    TRACEY ID    48160  NeTr_Use1_old                   (duplicate of TRACEY ID 230998)
    TRACEY ID    47536  NeTr_Vam7_old                   (duplicate of TRACEY ID 231097)
    TRACEY ID     7656  DaPu_Ykt6_1                     (duplicate of TRACEY ID 231102)
    TRACEY ID   184006  DaSp_Qc.III_1                   (duplicate of TRACEY ID 231132)
    TRACEY ID   183882  DaSp_R.IV_1                     (duplicate of TRACEY ID 231211)
    TRACEY ID     7632  DaPu_Syx8_1                     (duplicate of TRACEY ID 231270)
    TRACEY ID   183931  DaSp_R.III_1                    (duplicate of TRACEY ID 231278)
    TRACEY ID   182908  DaSp_Qc.II_3                    (duplicate of TRACEY ID 231408)
    TRACEY ID   182913  DaSp_Vam7_old                   (duplicate of TRACEY ID 231417)
    TRACEY ID    47226  NeTr_Qb.II_1                    (duplicate of TRACEY ID 231456)
    TRACEY ID    46155  NeTr_Qa.I_1                     (duplicate of TRACEY ID 231474)
    TRACEY ID    45325  NeTr_R.III_1                    (duplicate of TRACEY ID 231489)
    TRACEY ID    45662  NeTr_Qa.IV_1                    (duplicate of TRACEY ID 231558)
    TRACEY ID   182354  WuBa_Qb.III.b_1                 (duplicate of TRACEY ID 231580)
    TRACEY ID   182528  WuBa_Qc.II_1                    (duplicate of TRACEY ID 231694)
    TRACEY ID     3800  PhSo_Vti1_1                     (duplicate of TRACEY ID 231853)
    TRACEY ID   183426  DaSp_doubleSNARE_2              (duplicate of TRACEY ID 231947)
    TRACEY ID   183429  DaSp_doubleSNARE_3              (duplicate of TRACEY ID 231947)
    TRACEY ID   182671  WuBa_R.IV_1                     (duplicate of TRACEY ID 232156)
    TRACEY ID   182610  WuBa_Qc.I_1                     (duplicate of TRACEY ID 232255)
    TRACEY ID     7638  DaPu_Syx7_1                     (duplicate of TRACEY ID 232364)
    TRACEY ID   183673  DaSp_Qa.III.b_1                 (duplicate of TRACEY ID 232525)
    TRACEY ID    46066  NeTr_Qb.I_1                     (duplicate of TRACEY ID 232715)
    TRACEY ID   183577  DaSp_Tlg1_old                   (duplicate of TRACEY ID 232721)
    TRACEY ID   183522  DaSp_Qb.II_1                    (duplicate of TRACEY ID 232755)
    TRACEY ID     9868  TrVi_Sso_1                      (duplicate of TRACEY ID 232881)
    TRACEY ID    45360  TrVi_Qa.IV_14                   (duplicate of TRACEY ID 232881)
    TRACEY ID    45560  TrVi_Qa.IV_9                    (duplicate of TRACEY ID 232881)
    TRACEY ID    47295  TrVi_Qa.IV_2                    (duplicate of TRACEY ID 232881)
    TRACEY ID    47728  TrVi_Qa.IV_3                    (duplicate of TRACEY ID 232881)
    TRACEY ID    48387  TrVi_Qa.IV_15                   (duplicate of TRACEY ID 232881)
    TRACEY ID    49129  TrVi_Qa.IV_12                   (duplicate of TRACEY ID 232881)
    TRACEY ID   183784  DaSp_Qb.III.b_1                 (duplicate of TRACEY ID 232885)
    TRACEY ID     9867  TrVi_Use1_old                   (duplicate of TRACEY ID 233003)
    TRACEY ID    48300  NeTr_doubleSNARE_1              (duplicate of TRACEY ID 233022)
    TRACEY ID     9871  TrVi_Snc_1                      (duplicate of TRACEY ID 233035)
    TRACEY ID    45398  TrVi_R.IV_1                     (duplicate of TRACEY ID 233035)
    TRACEY ID    45799  TrVi_R.IV_12                    (duplicate of TRACEY ID 233035)
    TRACEY ID    45816  TrVi_R.IV_5                     (duplicate of TRACEY ID 233035)
    TRACEY ID    45970  TrVi_R.IV_6                     (duplicate of TRACEY ID 233035)
    TRACEY ID    46071  TrVi_R.IV_11                    (duplicate of TRACEY ID 233035)
    TRACEY ID    46364  TrVi_R.IV_10                    (duplicate of TRACEY ID 233035)
    TRACEY ID    47460  TrVi_R.IV_7                     (duplicate of TRACEY ID 233035)
    TRACEY ID    47922  TrVi_R.IV_9                     (duplicate of TRACEY ID 233035)
    TRACEY ID    48366  TrVi_R.IV_8                     (duplicate of TRACEY ID 233035)
    TRACEY ID    48371  TrVi_R.IV_3                     (duplicate of TRACEY ID 233035)
    TRACEY ID    49281  TrVi_R.IV_4                     (duplicate of TRACEY ID 233035)
    TRACEY ID    49469  TrVi_R.IV_2                     (duplicate of TRACEY ID 233035)
    TRACEY ID   184362  DaSp_Qb.II_2                    (duplicate of TRACEY ID 233152)
    TRACEY ID     7660  DaPu_SNAP29_1                   (duplicate of TRACEY ID 233317)
    TRACEY ID   184058  DaSp_Qa.III.a_1                 (duplicate of TRACEY ID 233858)
    TRACEY ID     7652  DaPu_Use1_1                     (duplicate of TRACEY ID 233907)
    TRACEY ID     9878  TrVi_Ykt6_1_2                   (duplicate of TRACEY ID 234006)
    TRACEY ID    45874  TrVi_R.II_1                     (duplicate of TRACEY ID 234006)
    TRACEY ID    45907  TrVi_R.II_7                     (duplicate of TRACEY ID 234006)
    TRACEY ID    46150  TrVi_R.II_4                     (duplicate of TRACEY ID 234006)
    TRACEY ID    46212  TrVi_R.II_9                     (duplicate of TRACEY ID 234006)
    TRACEY ID    46871  TrVi_R.II_6                     (duplicate of TRACEY ID 234006)
    TRACEY ID    48054  TrVi_R.II_8                     (duplicate of TRACEY ID 234006)
    TRACEY ID    49003  TrVi_R.II_3                     (duplicate of TRACEY ID 234006)
    TRACEY ID    49049  TrVi_R.II_5                     (duplicate of TRACEY ID 234006)
    TRACEY ID    49413  TrVi_R.II_2                     (duplicate of TRACEY ID 234006)
    TRACEY ID   183275  DaSp_R.I_1                      (duplicate of TRACEY ID 234337)
    TRACEY ID     9866  TrVi_Nyv1_1                     (duplicate of TRACEY ID 234377)
    TRACEY ID    45508  TrVi_R.III_2                    (duplicate of TRACEY ID 234377)
    TRACEY ID    45996  TrVi_R.III_3                    (duplicate of TRACEY ID 234377)
    TRACEY ID    46444  TrVi_R.III_4                    (duplicate of TRACEY ID 234377)
    TRACEY ID    46621  TrVi_R.III_5                    (duplicate of TRACEY ID 234377)
    TRACEY ID    46697  TrVi_R.III_1                    (duplicate of TRACEY ID 234377)
    TRACEY ID    46889  TrVi_R.III_6                    (duplicate of TRACEY ID 234377)
    TRACEY ID    48027  TrVi_R.III_7                    (duplicate of TRACEY ID 234377)
    TRACEY ID    48502  TrVi_R.III_8                    (duplicate of TRACEY ID 234377)
    TRACEY ID    48466  NeTr_Qa.IV_2                    (duplicate of TRACEY ID 234390)
    TRACEY ID   183599  DaSp_Qa.I_1                     (duplicate of TRACEY ID 234395)
    TRACEY ID   183000  DaSp_Qb.I_1                     (duplicate of TRACEY ID 234447)
    TRACEY ID   182992  DaSp_Qa.IV_2                    (duplicate of TRACEY ID 234453)
    TRACEY ID   182993  DaSp_Qa.IV_1                    (duplicate of TRACEY ID 234454)
    TRACEY ID    48722  NeTr_R.Reg_1                    (duplicate of TRACEY ID 234623)
    TRACEY ID   184060  AuDe_Qa.II_1                    (duplicate of TRACEY ID 234753)
    TRACEY ID   183270  StHir_Qa.I_1                    (duplicate of TRACEY ID 234843)
    TRACEY ID     7659  DaPu_Gs15_1                     (duplicate of TRACEY ID 234849)
    TRACEY ID     8586  DaPu_Gs15-2                     (duplicate of TRACEY ID 234849)
    TRACEY ID     9877  TrVi_Tomosyn_1                  (duplicate of TRACEY ID 234890)
    TRACEY ID    45276  TrVi_R.Reg_3                    (duplicate of TRACEY ID 234890)
    TRACEY ID    45685  TrVi_R.Reg_2                    (duplicate of TRACEY ID 234890)
    TRACEY ID    46067  TrVi_R.Reg_4                    (duplicate of TRACEY ID 234890)
    TRACEY ID    48607  TrVi_R.Reg_1                    (duplicate of TRACEY ID 234890)
    TRACEY ID    43011  CoSp_R.III_2                    (duplicate of TRACEY ID 234989)
    TRACEY ID   184142  AuDe_Qb.II_2                    (duplicate of TRACEY ID 235032)
    TRACEY ID     7642  DaPu_Syx6_1                     (duplicate of TRACEY ID 235035)
    TRACEY ID   183823  AuDe_Qc.I_2                     (duplicate of TRACEY ID 235241)
    TRACEY ID     9863  TrVi_Ufe1_1                     (duplicate of TRACEY ID 235353)
    TRACEY ID    45771  TrVi_Qa.I_3                     (duplicate of TRACEY ID 235353)
    TRACEY ID    45903  TrVi_Qa.I_5                     (duplicate of TRACEY ID 235353)
    TRACEY ID    46831  TrVi_Qa.I_4                     (duplicate of TRACEY ID 235353)
    TRACEY ID    47724  TrVi_Qa.I_1                     (duplicate of TRACEY ID 235353)
    TRACEY ID    47739  TrVi_Qa.I_2                     (duplicate of TRACEY ID 235353)
    TRACEY ID   183074  AuDe_Qc.III.b_2                 (duplicate of TRACEY ID 235456)
    TRACEY ID    43024  CoSp_Qc.II_1                    (duplicate of TRACEY ID 235537)
    TRACEY ID   183236  AuDe_Qa.III.b_1                 (duplicate of TRACEY ID 235551)
    TRACEY ID     9873  TrVi_Sed5_1                     (duplicate of TRACEY ID 235743)
    TRACEY ID    45397  TrVi_Qa.II_4                    (duplicate of TRACEY ID 235743)
    TRACEY ID    45466  TrVi_Qa.II_5                    (duplicate of TRACEY ID 235743)
    TRACEY ID    46169  TrVi_Qa.II_8                    (duplicate of TRACEY ID 235743)
    TRACEY ID    46376  TrVi_Qa.II_10                   (duplicate of TRACEY ID 235743)
    TRACEY ID    47080  TrVi_Qa.II_9                    (duplicate of TRACEY ID 235743)
    TRACEY ID    47417  TrVi_Qa.II_3                    (duplicate of TRACEY ID 235743)
    TRACEY ID    47466  TrVi_Qa.II_2                    (duplicate of TRACEY ID 235743)
    TRACEY ID    48563  TrVi_Qa.II_1                    (duplicate of TRACEY ID 235743)
    TRACEY ID    48692  TrVi_Qa.II_7                    (duplicate of TRACEY ID 235743)
    TRACEY ID    48964  TrVi_Qa.II_6                    (duplicate of TRACEY ID 235743)
    TRACEY ID    49079  TrVi_Qa.II_11                   (duplicate of TRACEY ID 235743)
    TRACEY ID   183423  StHir_R.II_1                    (duplicate of TRACEY ID 235751)
    TRACEY ID   183811  StHir_R.III_1                   (duplicate of TRACEY ID 235809)
    TRACEY ID   183813  StHir_R.IV_1                    (duplicate of TRACEY ID 235811)
    TRACEY ID   183068  AuDe_R.I_1                      (duplicate of TRACEY ID 236087)
    TRACEY ID    42983  CoSp_R.Reg_1                    (duplicate of TRACEY ID 236100)
    TRACEY ID   183989  SpPa_Qa.I_1                     (duplicate of TRACEY ID 236186)
    TRACEY ID   183205  AuDe_Qb.II_1                    (duplicate of TRACEY ID 236194)
    TRACEY ID     7655  DaPu_Syb_2                      (duplicate of TRACEY ID 236250)
    TRACEY ID     9875  TrVi_Tlg1_old                   (duplicate of TRACEY ID 236257)
    TRACEY ID     9881  TrVi_Sec22_1                    (duplicate of TRACEY ID 236286)
    TRACEY ID    46859  TrVi_R.I_1                      (duplicate of TRACEY ID 236286)
    TRACEY ID    48033  TrVi_R.I_3                      (duplicate of TRACEY ID 236286)
    TRACEY ID    48934  TrVi_R.I_4                      (duplicate of TRACEY ID 236286)
    TRACEY ID    49401  TrVi_R.I_2                      (duplicate of TRACEY ID 236286)
    TRACEY ID    43008  CoSp_Qa.III.b_1                 (duplicate of TRACEY ID 236330)
    TRACEY ID     7649  DaPu_Syx1_2                     (duplicate of TRACEY ID 236342)
    TRACEY ID   184354  StHir_Qb.II_1                   (duplicate of TRACEY ID 236377)
    TRACEY ID   184134  SpPa_doubleSNARE_1              (duplicate of TRACEY ID 236444)
    TRACEY ID   184161  SpPa_Vam7_old                   (duplicate of TRACEY ID 236478)
    TRACEY ID   184225  StHir_Qa.III.a_1                (duplicate of TRACEY ID 236555)
    TRACEY ID    43006  CoSp_Qc.III.c_1                 (duplicate of TRACEY ID 236583)
    TRACEY ID    42987  CoSp_R.I_1                      (duplicate of TRACEY ID 236593)
    TRACEY ID   183906  SpPa_Qb.II_2                    (duplicate of TRACEY ID 236597)
    TRACEY ID   183652  AuDe_Qa.IV_1                    (duplicate of TRACEY ID 236599)
    TRACEY ID    42973  CoSp_R.II_1                     (duplicate of TRACEY ID 236719)
    TRACEY ID   182919  AuDe_Qa.I_1                     (duplicate of TRACEY ID 236726)
    TRACEY ID     9861  TrVi_Sec20_1_2                  (duplicate of TRACEY ID 236815)
    TRACEY ID    46110  TrVi_Qb.I_1                     (duplicate of TRACEY ID 236815)
    TRACEY ID    46751  TrVi_Qb.I_4                     (duplicate of TRACEY ID 236815)
    TRACEY ID    47062  TrVi_Qb.I_2                     (duplicate of TRACEY ID 236815)
    TRACEY ID    47524  TrVi_Qb.I_3                     (duplicate of TRACEY ID 236815)
    TRACEY ID   183713  StHir_Qa.III.b_1                (duplicate of TRACEY ID 236847)
    TRACEY ID   184045  SpPa_Qb.I_1                     (duplicate of TRACEY ID 236904)
    TRACEY ID   183772  TrVe_Tlg1                       (duplicate of TRACEY ID 237006)
    TRACEY ID   183767  TrVe_Sec20                      (duplicate of TRACEY ID 237037)
    TRACEY ID    50481  TrEq_Qb.II_2                    (duplicate of TRACEY ID 237054)
    TRACEY ID    49573  TrEq_Qa.IV_1                    (duplicate of TRACEY ID 237115)
    TRACEY ID   182953  SpPa_Qb.III.b_1                 (duplicate of TRACEY ID 237134)
    TRACEY ID    42970  CoSp_Qa.I_1                     (duplicate of TRACEY ID 237177)
    TRACEY ID   182991  SpPa_Qa.III.b_1                 (duplicate of TRACEY ID 237206)
    TRACEY ID     7635  DaPu_Syx20_1                    (duplicate of TRACEY ID 237293)
    TRACEY ID    47476  DaPu_Qa.III_1                   (duplicate of TRACEY ID 237293)
    TRACEY ID     7662  DaPu_Syx1_3                     (duplicate of TRACEY ID 237296)
    TRACEY ID    10685  TrVe_Nyv1p-2                    (duplicate of TRACEY ID 237300)
    TRACEY ID   183464  TrVe_Nyv1                       (duplicate of TRACEY ID 237300)
    TRACEY ID   183471  TrVe_Snc                        (duplicate of TRACEY ID 237307)
    TRACEY ID     7637  DaPu_Syx16_1                    (duplicate of TRACEY ID 237559)
    TRACEY ID     9879  TrVi_Syx8_old                   (duplicate of TRACEY ID 237608)
    TRACEY ID     9874  TrVi_Pep12_1                    (duplicate of TRACEY ID 237632)
    TRACEY ID    46018  TrVi_Qa.III.b_1                 (duplicate of TRACEY ID 237632)
    TRACEY ID    47237  TrVi_Qa.III.b_3                 (duplicate of TRACEY ID 237632)
    TRACEY ID    47376  TrVi_Qa.III.b_4                 (duplicate of TRACEY ID 237632)
    TRACEY ID    48169  TrVi_Qa.III.b_2                 (duplicate of TRACEY ID 237632)
    TRACEY ID   183420  SpPa_Qa.III_1                   (duplicate of TRACEY ID 237647)
    TRACEY ID   183463  SpPa_Tlg1_old                   (duplicate of TRACEY ID 237662)
    TRACEY ID    43028  CoSp_R.III_3                    (duplicate of TRACEY ID 237680)
    TRACEY ID     9870  TrVi_Sso_2                      (duplicate of TRACEY ID 237786)
    TRACEY ID    45544  TrVi_Qa.IV_5                    (duplicate of TRACEY ID 237786)
    TRACEY ID    46427  TrVi_Qa.IV_10                   (duplicate of TRACEY ID 237786)
    TRACEY ID    46959  TrVi_Qa.IV_6                    (duplicate of TRACEY ID 237786)
    TRACEY ID    47403  TrVi_Qa.IV_11                   (duplicate of TRACEY ID 237786)
    TRACEY ID    48002  TrVi_Qa.IV_1                    (duplicate of TRACEY ID 237786)
    TRACEY ID    48442  TrVi_Qa.IV_4                    (duplicate of TRACEY ID 237786)
    TRACEY ID    49459  TrVi_Qa.IV_8                    (duplicate of TRACEY ID 237786)
    TRACEY ID    49549  TrVi_Qa.IV_7                    (duplicate of TRACEY ID 237786)
    TRACEY ID    43027  CoSp_Qa.III.a_1                 (duplicate of TRACEY ID 237836)
    TRACEY ID   183190  SpPa_R.IV_1                     (duplicate of TRACEY ID 237841)
    TRACEY ID   183621  AuDe_Qc.II_3                    (duplicate of TRACEY ID 237900)
    TRACEY ID    50064  TrEq_Qa.I_1                     (duplicate of TRACEY ID 237983)
    TRACEY ID   183787  SpPa_Qa.IV_1                    (duplicate of TRACEY ID 238002)
    TRACEY ID    49783  TrEq_R.III_1                    (duplicate of TRACEY ID 238017)
    TRACEY ID    42999  CoSp_doubleSNARE_1              (duplicate of TRACEY ID 238022)
    TRACEY ID    42971  CoSp_Qb.II_2                    (duplicate of TRACEY ID 238037)
    TRACEY ID   183592  SpPa_Qa.III.a_1                 (duplicate of TRACEY ID 238125)
    TRACEY ID    43016  CoSp_Qc.III.b_1                 (duplicate of TRACEY ID 238172)
    TRACEY ID     7648  DaPu_Vamp4_1                    (duplicate of TRACEY ID 238203)
    TRACEY ID   183274  SpPa_R.III_1                    (duplicate of TRACEY ID 238357)
    TRACEY ID   183985  SpPa_R.I_1                      (duplicate of TRACEY ID 238581)
    TRACEY ID   183868  TrVe_Ykt6                       (duplicate of TRACEY ID 238658)
    TRACEY ID   182969  TrVe_Vti1                       (duplicate of TRACEY ID 238740)
    TRACEY ID   184184  SpPa_Qb.II_1                    (duplicate of TRACEY ID 238758)
    TRACEY ID    42975  CoSp_Qa.II_1                    (duplicate of TRACEY ID 238766)
    TRACEY ID     7645  DaPu_SNAP25_1                   (duplicate of TRACEY ID 238773)
    TRACEY ID   184207  SpPa_R.II_1                     (duplicate of TRACEY ID 238792)
    TRACEY ID   184198  SpPa_Qa.II_1                    (duplicate of TRACEY ID 238800)
    TRACEY ID    43002  CoSp_Qb.II_1                    (duplicate of TRACEY ID 238833)
    TRACEY ID   183769  StHir_Qb.III.b_1                (duplicate of TRACEY ID 239073)
    TRACEY ID    48803  NeTr_R.II_1                     (duplicate of TRACEY ID 239179)
    TRACEY ID    45501  PhSo_doubleSNARE_2              (duplicate of TRACEY ID 239247)
    TRACEY ID     3802  PhSo_Vti1_2                     (duplicate of TRACEY ID 239651)
    TRACEY ID   184149  StHir_Qa.IV_2                   (duplicate of TRACEY ID 239954)
    TRACEY ID   184137  StHir_Qa.IV_1                   (duplicate of TRACEY ID 239962)
    TRACEY ID     3793  PhSo_Syx6_old                   (duplicate of TRACEY ID 240465)
    TRACEY ID     3798  PhSo_Use1_1                     (duplicate of TRACEY ID 240627)
    TRACEY ID   183680  StHir_Qb.I_1                    (duplicate of TRACEY ID 240992)
    TRACEY ID   183669  StHir_Tlg1_old                  (duplicate of TRACEY ID 240997)
    TRACEY ID   183276  StHir_R.I_1                     (duplicate of TRACEY ID 241144)
    TRACEY ID     3790  PhSo_Sec20_1                    (duplicate of TRACEY ID 241153)
    TRACEY ID   183465  StHir_Qa.IV_5                   (duplicate of TRACEY ID 241194)
    TRACEY ID   182829  WuBa_Qa.III.b_2                 (duplicate of TRACEY ID 241454)
    TRACEY ID   182814  WuBa_Qa.III.a_1                 (duplicate of TRACEY ID 241532)
    TRACEY ID   182688  WuBa_R.III_1                    (duplicate of TRACEY ID 241912)
    TRACEY ID    50423  VeDa_R.I_1                      (duplicate of TRACEY ID 241923)
    TRACEY ID    50198  TrEq_Qb.III.b_1                 (duplicate of TRACEY ID 242356)
    TRACEY ID   182619  WuBa_R.II_1                     (duplicate of TRACEY ID 242369)
    TRACEY ID    46317  NeTr_R.IV_1                     (duplicate of TRACEY ID 242964)
    TRACEY ID   183370  StHir_Qc.III.c_2                (duplicate of TRACEY ID 243103)
    TRACEY ID   182469  WuBa_doubleSNARE_1              (duplicate of TRACEY ID 243240)
    TRACEY ID   182376  WuBa_Qb.II_2                    (duplicate of TRACEY ID 243298)
    TRACEY ID   183569  StHir_doubleSNARE_1             (duplicate of TRACEY ID 243414)
    TRACEY ID   183658  StHir_Qa.II_1                   (duplicate of TRACEY ID 243470)
    TRACEY ID   183660  StHir_Qb.II_2                   (duplicate of TRACEY ID 243477)
    TRACEY ID   183663  StHir_R.Reg_1                   (duplicate of TRACEY ID 243484)
    TRACEY ID     3909  HyJe_Sec9                       (duplicate of TRACEY ID 243725)
    TRACEY ID     7661  DaPu_Vamp7frag-2                (duplicate of TRACEY ID 243787)
    TRACEY ID     3788  PhSo_Npsn_1                     (duplicate of TRACEY ID 243813)
    TRACEY ID     3911  HyJe_Sft1                       (duplicate of TRACEY ID 243914)
    TRACEY ID     3904  HyJe_Gos1                       (duplicate of TRACEY ID 244097)
    TRACEY ID   182703  WuBa_Qa.II_2                    (duplicate of TRACEY ID 244136)
    TRACEY ID     3919  HyJe_Ufe1                       (duplicate of TRACEY ID 244163)
    TRACEY ID     3907  HyJe_Sec20                      (duplicate of TRACEY ID 244231)
    TRACEY ID     3923  HyJe_Ykt6                       (duplicate of TRACEY ID 244356)
    TRACEY ID     3914  HyJe_SsoB                       (duplicate of TRACEY ID 244490)
    TRACEY ID   182750  WuBa_R.Reg_1                    (duplicate of TRACEY ID 244532)
    TRACEY ID   182427  AjDe_1_R.II_1                   (duplicate of TRACEY ID 244547)
    TRACEY ID     3921  HyJe_Vam7                       (duplicate of TRACEY ID 244660)
    TRACEY ID   182544  WuBa_Qa.IV_1                    (duplicate of TRACEY ID 244688)
    TRACEY ID     7657  DaPu_Sec20_1                    (duplicate of TRACEY ID 244698)
    TRACEY ID     7643  DaPu_Gos28_1                    (duplicate of TRACEY ID 244756)
    TRACEY ID     3918  HyJe_Tom                        (duplicate of TRACEY ID 244757)
    TRACEY ID   182580  WuBa_Qa.III.b_1                 (duplicate of TRACEY ID 244788)
    TRACEY ID     3908  HyJe_Sec22                      (duplicate of TRACEY ID 244908)
    TRACEY ID     3916  HyJe_Tlg1                       (duplicate of TRACEY ID 244921)
    TRACEY ID   182595  WuBa_Qb.II_1                    (duplicate of TRACEY ID 245145)
    TRACEY ID     7633  DaPu_Syx18_1                    (duplicate of TRACEY ID 245322)
    TRACEY ID     3910  HyJe_Sed5                       (duplicate of TRACEY ID 245378)
    TRACEY ID     3903  HyJe_Bos1                       (duplicate of TRACEY ID 245505)
    TRACEY ID    50422  VeDa_R.IV_1                     (duplicate of TRACEY ID 245539)
    TRACEY ID     7639  DaPu_Syx16_2                    (duplicate of TRACEY ID 245592)
    TRACEY ID   182858  WuBa_R.I_1                      (duplicate of TRACEY ID 245666)
    TRACEY ID     3917  HyJe_Tlg2                       (duplicate of TRACEY ID 245747)
    TRACEY ID   182755  WuBa_Qa.IV_2                    (duplicate of TRACEY ID 246156)
    TRACEY ID    45225  NeTr_Tlg1_old                   (duplicate of TRACEY ID 246214)
    TRACEY ID    48266  NeTr_Qa.III.a_1                 (duplicate of TRACEY ID 246424)
    TRACEY ID     3902  HyJe_Bet1                       (duplicate of TRACEY ID 246640)
    TRACEY ID     7640  DaPu_Vamp7_2                    (duplicate of TRACEY ID 246875)
    TRACEY ID     7647  DaPu_Vti1_2                     (duplicate of TRACEY ID 246941)
    TRACEY ID    47198  NeTr_Qb.III.b_1                 (duplicate of TRACEY ID 247055)
    TRACEY ID     7641  DaPu_Syx1_1                     (duplicate of TRACEY ID 247078)
    TRACEY ID     3905  HyJe_Nyv1                       (duplicate of TRACEY ID 247188)
    TRACEY ID   183038  DaSp_R.II_1                     (duplicate of TRACEY ID 247423)
    TRACEY ID    50105  TrEq_Qa.III.b_1                 (duplicate of TRACEY ID 247558)
    TRACEY ID     7634  DaPu_Sec22_1                    (duplicate of TRACEY ID 247633)
    TRACEY ID     3906  HyJe_Pep12                      (duplicate of TRACEY ID 247685)
    TRACEY ID     7658  DaPu_Tomosyn_1                  (duplicate of TRACEY ID 247698)
    TRACEY ID     7636  DaPu_Membrin_1                  (duplicate of TRACEY ID 247704)
    TRACEY ID     3915  HyJe_Syx8                       (duplicate of TRACEY ID 247717)
    TRACEY ID     7644  DaPu_Syx17_1                    (duplicate of TRACEY ID 247718)
    TRACEY ID     3920  HyJe_Use1                       (duplicate of TRACEY ID 247734)
    TRACEY ID     7646  DaPu_Syx5_1                     (duplicate of TRACEY ID 247744)
    TRACEY ID     3922  HyJe_Vti1                       (duplicate of TRACEY ID 247752)
    TRACEY ID     8882  GaSu_Syx1-2                     (duplicate of TRACEY ID 260415)
    TRACEY ID     8872  GaSu_Syx16-2                    (duplicate of TRACEY ID 260474)
    TRACEY ID     8874  GaSu_QcIII                      (duplicate of TRACEY ID 262439)
    TRACEY ID     8865  GaSu_Bet1_1                     (duplicate of TRACEY ID 262557)
    TRACEY ID     3204  FuRu_Syx19                      (duplicate of TRACEY ID 266935)
    TRACEY ID     3206  FuRu_Syx11-like2                (duplicate of TRACEY ID 267109)
    TRACEY ID     3201  FuRu_Syx4                       (duplicate of TRACEY ID 269607)
    TRACEY ID     3215  FuRu_Vti1a                      (duplicate of TRACEY ID 269680)
    TRACEY ID     8876  GaSu_Syx7_1                     (duplicate of TRACEY ID 273090)
    TRACEY ID     8877  GaSu_Syx7-2                     (duplicate of TRACEY ID 273090)
    TRACEY ID   247825  CyMe_Ha.IV_1                    (duplicate of TRACEY ID 280804)
    TRACEY ID    10570  AcCa_3_Qc.III.b_1               (duplicate of TRACEY ID 309091)
    TRACEY ID    10569  AcCa_3_Qc.III.c_1               (duplicate of TRACEY ID 312278)
    TRACEY ID    10820  AcCa_3_Vamp73                   (duplicate of TRACEY ID 314107)
    TRACEY ID    10575  AcCa_3_Vamp72                   (duplicate of TRACEY ID 317384)
    TRACEY ID    10822  AcCa_3_Vamp72-3                 (duplicate of TRACEY ID 317384)
    TRACEY ID    10824  AcCa_3_Qa_1                     (duplicate of TRACEY ID 318781)
    TRACEY ID    10578  AcCa_3_SyxPM1                   (duplicate of TRACEY ID 318923)
    TRACEY ID    10819  AcCa_3_Qa                       (duplicate of TRACEY ID 320921)
    TRACEY ID    10008  AsNi_Gos1_old                   (duplicate of TRACEY ID 320970)
    TRACEY ID     3209  FuRu_Syx18                      (duplicate of TRACEY ID 322346)
    TRACEY ID     3230  FuRu_Syx16                      (duplicate of TRACEY ID 322457)
    TRACEY ID     3163  FuRu_Sec22-1                    (duplicate of TRACEY ID 322852)
    TRACEY ID     3214  FuRu_Use1                       (duplicate of TRACEY ID 322997)
    TRACEY ID     3200  FuRu_Syx2-1                     (duplicate of TRACEY ID 323080)
    TRACEY ID     3217  FuRu_Ykt6                       (duplicate of TRACEY ID 323414)
    TRACEY ID     3164  FuRu_Sec22-2                    (duplicate of TRACEY ID 324019)
    TRACEY ID     3216  FuRu_Vti1b                      (duplicate of TRACEY ID 324333)
    TRACEY ID     3198  FuRu_Syx3                       (duplicate of TRACEY ID 325093)
    TRACEY ID     3205  FuRu_Syx11                      (duplicate of TRACEY ID 325853)
    TRACEY ID     3203  FuRu_Syx11-like1                (duplicate of TRACEY ID 326701)
    TRACEY ID    10007  AsNi_Ufe1_old                   (duplicate of TRACEY ID 327317)
    TRACEY ID     3159  FuRu_Memb                       (duplicate of TRACEY ID 328118)
    TRACEY ID     3195  FuRu_Syx1b                      (duplicate of TRACEY ID 329111)
    TRACEY ID     3231  FuRu_Syx17                      (duplicate of TRACEY ID 329784)
    TRACEY ID    42982  CoSp_Qa.IV_1                    (duplicate of TRACEY ID 330428)
    TRACEY ID     3207  FuRu_Syx13                      (duplicate of TRACEY ID 332394)
    TRACEY ID     3157  FuRu_Gos28-2                    (duplicate of TRACEY ID 332877)
    TRACEY ID     3162  FuRu_Sec20-2                    (duplicate of TRACEY ID 332905)
    TRACEY ID     3210  FuRu_Syx5                       (duplicate of TRACEY ID 333110)
    TRACEY ID     3197  FuRu_SyxPMpart2                 (duplicate of TRACEY ID 333166)
    TRACEY ID     3211  FuRu_Syx10                      (duplicate of TRACEY ID 333392)
    TRACEY ID    47195  TaRu_Syx8_old                   (duplicate of TRACEY ID 333667)
    TRACEY ID     3208  FuRu_Syx7                       (duplicate of TRACEY ID 333710)
    TRACEY ID     3213  FuRu_Tom2                       (duplicate of TRACEY ID 333789)
    TRACEY ID    39732  CaOw_Syx7_old                   (duplicate of TRACEY ID 334855)
    TRACEY ID   182848  CaOw_Qa.III_3                   (duplicate of TRACEY ID 334855)
    TRACEY ID    39605  CaOw_Qa.II_1                    (duplicate of TRACEY ID 336151)
    TRACEY ID    10565  CaOw_2_SyxPM                    (duplicate of TRACEY ID 336594)
    TRACEY ID    39570  CaOw_Qa.IV_1                    (duplicate of TRACEY ID 336594)
    TRACEY ID    39412  CaOw_Qa.III_2                   (duplicate of TRACEY ID 336687)
    TRACEY ID    42269  CaOw_Qa.IV_2                    (duplicate of TRACEY ID 336816)
    TRACEY ID    39369  CaOw_Qc.III.c_8                 (duplicate of TRACEY ID 340923)
    TRACEY ID    39426  CaOw_Qa.III.a_1                 (duplicate of TRACEY ID 344260)
    TRACEY ID     4492  XeTr_Syx7_1                     (duplicate of TRACEY ID 373411)
    TRACEY ID     4488  XeTr_Syx1_4                     (duplicate of TRACEY ID 373997)
    TRACEY ID    48097  PhSo_Qa.III.b_3                 (duplicate of TRACEY ID 376093)
    TRACEY ID     4671  PhSo_Syx16_2                    (duplicate of TRACEY ID 378389)
    TRACEY ID    47424  PhSo_Qa.III.b_1                 (duplicate of TRACEY ID 379290)
    TRACEY ID     4670  PhSo_Syx16_1                    (duplicate of TRACEY ID 379798)
    TRACEY ID    49225  PhSo_Qa.III.b_2                 (duplicate of TRACEY ID 382506)
    TRACEY ID     3202  FuRu_Syx2-2                     (duplicate of TRACEY ID 383255)
    TRACEY ID     3212  FuRu_Tom1                       (duplicate of TRACEY ID 383408)
    TRACEY ID    11331  ChSp_Syx18                      (duplicate of TRACEY ID 384896)
    TRACEY ID    39513  CaOw_Qa.I_1                     (duplicate of TRACEY ID 386829)
    TRACEY ID     2696  CiIn_Syx1_1                     (duplicate of TRACEY ID 387727)
    TRACEY ID    11052  EmHu_SyxPM1-2                   (duplicate of TRACEY ID 390609)
    TRACEY ID    10209  UsMa_Use1p                      (duplicate of TRACEY ID 392382)
    TRACEY ID    11327  ChSp_Syx16                      (duplicate of TRACEY ID 393939)
    TRACEY ID    11328  ChSp_Syx7                       (duplicate of TRACEY ID 394264)
    TRACEY ID    11342  ChSp_Syx1                       (duplicate of TRACEY ID 394372)
    TRACEY ID    39642  ChSp_SN29                       (duplicate of TRACEY ID 394803)
    TRACEY ID    11329  ChSp_Syx5                       (duplicate of TRACEY ID 396829)
    TRACEY ID    49647  VeDa_Qc.III.c_2                 (duplicate of TRACEY ID 397402)
    TRACEY ID    45850  PhSo_QcIII_2                    (duplicate of TRACEY ID 397650)
    TRACEY ID    11066  EmHu_Syx18-2                    (duplicate of TRACEY ID 402475)
    TRACEY ID    46615  PhSo_Qa.II_1                    (duplicate of TRACEY ID 404088)
    TRACEY ID   182768  VeDa_Qc.II_1                    (duplicate of TRACEY ID 404300)
    TRACEY ID    11163  PaBr_1_Ufe1                     (duplicate of TRACEY ID 407053)
    TRACEY ID    11172  PaBr_Ufe1-2                     (duplicate of TRACEY ID 407053)
    TRACEY ID    11197  PaBr_Ufe1-3                     (duplicate of TRACEY ID 407053)
    TRACEY ID     9782  MyFi_Ykt6                       (duplicate of TRACEY ID 414204)
    TRACEY ID     9786  MyFi_Ykt6-2                     (duplicate of TRACEY ID 414204)
    TRACEY ID     9825  MyFi_Ykt6-3                     (duplicate of TRACEY ID 414204)
    TRACEY ID     9832  MyFi_Ykt6-4                     (duplicate of TRACEY ID 414204)
    TRACEY ID     9834  MyFi_Ykt6-5                     (duplicate of TRACEY ID 414204)
    TRACEY ID     9841  MyFi_Ykt6-6                     (duplicate of TRACEY ID 414204)
    TRACEY ID     9842  MyFi_Ykt6-7                     (duplicate of TRACEY ID 414204)
    TRACEY ID     9843  MyFi_Ykt6-8                     (duplicate of TRACEY ID 414204)
    TRACEY ID     9844  MyFi_Ykt6-9                     (duplicate of TRACEY ID 414204)
    TRACEY ID    11118  CoHe_Sec22                      (duplicate of TRACEY ID 416843)
    TRACEY ID    10591  SaCo_Sec22p                     (duplicate of TRACEY ID 417116)
    TRACEY ID    10590  SaCo_Sec9p                      (duplicate of TRACEY ID 417141)
    TRACEY ID    10592  SaCo_Vti1p                      (duplicate of TRACEY ID 417665)
    TRACEY ID   182333  ScOc_Qc.III.b_2                 (duplicate of TRACEY ID 419160)
    TRACEY ID    10329  ToGo_2_Ykt613                   (duplicate of TRACEY ID 420897)
    TRACEY ID    11281  PoAn_1_Syx8                     (duplicate of TRACEY ID 420920)
    TRACEY ID    11122  CoHe_Vti1                       (duplicate of TRACEY ID 423409)
    TRACEY ID    11119  CoHe_Sft1                       (duplicate of TRACEY ID 423448)
    TRACEY ID    11116  CoHe_Vam7                       (duplicate of TRACEY ID 423836)
    TRACEY ID    11126  CoHe_Ufe1                       (duplicate of TRACEY ID 423882)
    TRACEY ID    11114  CoHe_Ykt6                       (duplicate of TRACEY ID 423955)
    TRACEY ID    11127  CoHe_SsoA-2                     (duplicate of TRACEY ID 424111)
    TRACEY ID     9777  MyFi_Sec22_1                    (duplicate of TRACEY ID 424558)
    TRACEY ID     9787  MyFi_Sec22-2                    (duplicate of TRACEY ID 424558)
    TRACEY ID     9817  MyFi_Sec22-3                    (duplicate of TRACEY ID 424558)
    TRACEY ID     9838  MyFi_Sec22-4                    (duplicate of TRACEY ID 424558)
    TRACEY ID     9846  MyFi_Sec22-5                    (duplicate of TRACEY ID 424558)
    TRACEY ID    48477  MyFi_Sec22                      (duplicate of TRACEY ID 424558)
    TRACEY ID    11112  CoHe_Bet1                       (duplicate of TRACEY ID 425636)
    TRACEY ID   183776  AgBi_Sso                        (duplicate of TRACEY ID 426346)
    TRACEY ID    10596  TaDe_Sec22                      (duplicate of TRACEY ID 426648)
    TRACEY ID    11124  CoHe_SsoB                       (duplicate of TRACEY ID 427875)
    TRACEY ID    11115  CoHe_Sed5                       (duplicate of TRACEY ID 427893)
    TRACEY ID    10326  ToGo_2_Vamp723                  (duplicate of TRACEY ID 429177)
    TRACEY ID    11130  CoHe_Use1                       (duplicate of TRACEY ID 429267)
    TRACEY ID    10309  ToGo_2_Npsn2                    (duplicate of TRACEY ID 429317)
    TRACEY ID    11120  CoHe_SsoA-1                     (duplicate of TRACEY ID 429364)
    TRACEY ID   182430  ScCr_Ykt6                       (duplicate of TRACEY ID 429482)
    TRACEY ID    11121  CoHe_Syx8                       (duplicate of TRACEY ID 430228)
    TRACEY ID    11129  CoHe_Tlg1                       (duplicate of TRACEY ID 430988)
    TRACEY ID    11131  CoHe_Tlg2                       (duplicate of TRACEY ID 432170)
    TRACEY ID    11113  CoHe_Sec20                      (duplicate of TRACEY ID 432595)
    TRACEY ID    11123  CoHe_Bos1                       (duplicate of TRACEY ID 433778)
    TRACEY ID    11110  CoHe_Sec9                       (duplicate of TRACEY ID 433812)
    TRACEY ID    10589  MoVe_Ykt6p                      (duplicate of TRACEY ID 433935)
    TRACEY ID   347437  StRa_Bet1partial                (duplicate of TRACEY ID 434643)
    TRACEY ID    11125  CoHe_Nyv1                       (duplicate of TRACEY ID 434681)
    TRACEY ID    10588  MoVe_Tomp                       (duplicate of TRACEY ID 434947)
    TRACEY ID    11117  CoHe_Pep12                      (duplicate of TRACEY ID 435413)
    TRACEY ID   348125  StRa_doubleSNARE_2              (duplicate of TRACEY ID 435622)
    TRACEY ID    11111  CoHe_Tom                        (duplicate of TRACEY ID 435816)
    TRACEY ID     7782  CaTe_Syx18_2                    (duplicate of TRACEY ID 435892)
    TRACEY ID    11128  CoHe_Snc                        (duplicate of TRACEY ID 436009)
    TRACEY ID     3264  OsTa_Syp3-plants_1              (duplicate of TRACEY ID 436792)
    TRACEY ID   347124  StRa_Syx16                      (duplicate of TRACEY ID 438356)
    TRACEY ID   348700  StRa_Qc.I_1                     (duplicate of TRACEY ID 438770)
    TRACEY ID    10587  MoVe_Nyv1p                      (duplicate of TRACEY ID 440019)
    TRACEY ID   347461  StRa_Hb.II.a_1                  (duplicate of TRACEY ID 440312)

------------------------------------------------------------
DBXREF UPDATED: 23761 sequences

------------------------------------------------------------
ERRORS
------------------------------------------------------------
  Total errors encountered: 6
    TRACEY ID     2413: b'curl: (52) Empty reply from server\n ERROR:  curl command failed ( Wed Apr  1 13:46:03 CEST 2026 ) with: 52\nhttps://e...
    TRACEY ID     2137: b'curl: (6) Could not resolve host: eutils.ncbi.nlm.nih.gov\n ERROR:  curl command failed ( Wed Apr  1 14:20:52 CEST 202...
    TRACEY ID     2320: b'curl: (6) Could not resolve host: eutils.ncbi.nlm.nih.gov\n ERROR:  curl command failed ( Wed Apr  1 14:21:49 CEST 202...
    TRACEY ID      250: b'curl: (22) The requested URL returned error: 502\n ERROR:  curl command failed ( Wed Apr  1 19:08:13 CEST 2026 ) with:...
    TRACEY ID   394999: b'curl: (52) Empty reply from server\n ERROR:  curl command failed ( Thu Apr  2 04:17:08 CEST 2026 ) with: 52\nhttps://e...
    TRACEY ID      315: b"curl: (28) Failed to connect to eutils.ncbi.nlm.nih.gov port 443 after 10210 ms: Couldn't connect to server\n ERROR:  ...

============================================================
SUMMARY
============================================================
  Total entries parsed                         : 26897
  Status transitions                           : 8685
    - live → suppressed                        : 2379
    - ignore → suppressed                      : 2308
    - ignore → live                            : 1651
    - live → replaced                          : 1059
    - ignore → replaced                        : 519
    - live → dead                              : 194
    - ignore → dead                            : 186
    - suppressed → ignore                      : 168
    - unknown → ignore                         : 67
    - unknown → suppressed                     : 35
    - unknown → replaced                       : 34
    - suppressed → replaced                    : 23
    - suppressed → live                        : 17
    - unknown → live                           : 17
    - suppressed → dead                        : 16
    - unknown → dead                           : 5
    - dead → suppressed                        : 2
    - live → withdrawn                         : 1
    - dead → ignore                            : 1
    - replaced → dead                          : 1
    - dead → replaced                          : 1
    - dead → live                              : 1
  Sequences that became live (any → live)      : 1686
  Sequences that left live (live → any)        : 3633
  No changes needed                            : 14171
  New entries created (live)                   : 911
  Replaced by newer NCBI version               : 1715
  Identical/duplicate sequences skipped        : 1492
  Dbxref updated                               : 23761
  Errors                                       : 6
============================================================